"asset_id","final_usage","relative_path","master_path","category","variant","duration_seconds","loop","loop_start_seconds","loop_end_seconds","channels","sample_rate_hz","runtime_codec","master_format","target_lufs","suggested_gain_db","suggested_max_distance_m","runtime_fade_in_ms","runtime_fade_out_ms","fade_mode","source_title","source_author","source_url","license","review_pack","review_source_file","source_sha256","runtime_sha256","trim_applied","playback_rule","version","acceptance_status","build_date"
"sfx_ui_button_primary","ui_button_primary","assets/audio/ui/sfx_ui_button_primary_v01.wav","art_source/audio/masters/ui/sfx_ui_button_primary_v01.wav","ui_wood_click","01","0.086","false","","","1","48000","pcm_s16le","wav_pcm_s24le_48khz","-18.0","0.0","","0","0","none","Wooden Click","BenjaminNelan","https://freesound.org/s/321083/","CC0","sample_pack_v1","01_ui_wood_click_short_321083.mp3","c7d729b995f891f342fdaf5dd4a81c2927cd89a0604565a2636ee3e16f67009e","8fa8b5c10b6fe9b882ad0060da473ba926c12b5392e4fa2b8375dfd3737caa0e","full_source","完整单次播放；不剪辑","v01","confirmed","2026-09-01"
"sfx_work_blacksmith_loop","work_blacksmith_loop","assets/audio/work/blacksmith/sfx_work_blacksmith_loop_v01.ogg","art_source/audio/masters/work/blacksmith/sfx_work_blacksmith_loop_v01.wav","blacksmith","01","5.000","true","0.000","5.000","1","48000","vorbis_q5","wav_pcm_s24le_48khz","-20.0","0.0","28","350","350","runtime_start_stop","Hammering on Anvil","SamsterBirdies","https://freesound.org/s/363169/","CC0","sample_pack_v1","04_blacksmith_hammer_anvil_363169.mp3","627c31bd0eccbc799aec7106b009e333ff4062adf497543aecf5371590075b13","ec0f943ef2aba1367e984d4bfbe694c9ccf09358fd0e1c8c5137af856e29041f","00:00-00:05","后续截取 00:00–00:05 并循环；工作开始渐入、工作结束渐出","v01","confirmed","2026-09-01"
"sfx_ambience_day_loop","ambience_day_loop","assets/audio/ambience/time_of_day/sfx_ambience_day_loop_v01.ogg","art_source/audio/masters/ambience/time_of_day/sfx_ambience_day_loop_v01.wav","ambience_day","01","193.567","true","0.000","193.567","1","48000","vorbis_q5","wav_pcm_s24le_48khz","-23.0","0.0","45","1000","1000","runtime_start_stop","Loopable Early Morning English Countryside Ambience","Psykophobia","https://freesound.org/s/641561/","CC0","sample_pack_v1","08_day_english_countryside_641561.mp3","9b84281978222f09e900e91bc50180855fd54ea53355d1bf9764ec87269dbee9","05173b0fc0bed651abf7388b468efcdd86b2aedb49d5aed30bf8a5070f44957b","full_source","完整循环播放；不剪辑","v01","confirmed","2026-09-01"
"sfx_ambience_night_loop","ambience_night_loop","assets/audio/ambience/time_of_day/sfx_ambience_night_loop_v01.ogg","art_source/audio/masters/ambience/time_of_day/sfx_ambience_night_loop_v01.wav","ambience_night","01","337.375","true","0.000","337.375","1","48000","vorbis_q5","wav_pcm_s24le_48khz","-23.0","0.0","45","1000","1000","runtime_start_stop","Night Ambience","parret","https://freesound.org/s/481883/","CC0","sample_pack_v1","09_night_insects_481883.mp3","3833d883d8bc6c98a33949c5f7d3e2bd938d6b888768de18e8c8197a4df7831a","8cdb3237ec4d3397d98eb92eacf614a49994a5d268f74a98349868c5635d3f04","full_source","完整循环播放；不剪辑","v01","confirmed","2026-09-01"
"sfx_meteor_impact_one_shot","meteor_impact_one_shot","assets/audio/abilities/meteor/sfx_meteor_impact_one_shot_v01.wav","art_source/audio/masters/abilities/meteor/sfx_meteor_impact_one_shot_v01.wav","meteor_impact","01","12.048","false","","","1","48000","pcm_s16le","wav_pcm_s24le_48khz","-16.0","0.0","120","0","0","none","HUGE EXPLOSION","SamsterBirdies","https://freesound.org/s/733120/","CC0","sample_pack_v1","12_meteor_impact_huge_explosion_733120.mp3","72b4377ec3b875653d94f673011930f94d5ee68b455c0e717c810cddf3df097a","94776a863813f4bb0c52ee7039616852a83b3d8f82f0a1f6e97021d47cf4ded0","full_source","完整单次播放；从爆发到自然渐弱，不剪辑","v01","confirmed","2026-09-01"
"voice_combat_friendly_female_hurt_voice","combat_friendly_female_hurt_voice","assets/audio/voice/combat_grunts/voice_combat_friendly_female_hurt_voice_v01.wav","art_source/audio/masters/voice/combat_grunts/voice_combat_friendly_female_hurt_voice_v01.wav","combat_friendly_female_hurt_voice","01","0.406","false","","","1","48000","pcm_s16le","wav_pcm_s24le_48khz","-18.0","0.0","40","0","0","none","grunt.wav","Reitanna","https://freesound.org/s/242623/","CC0","sample_pack_v10","03_female_grunt_short_242623.mp3","55f44ee3fc567afe82b1e14dc59f14921e57992bc43ae8b3a66c2e1603d589b8","83cc0b2eef1735d768c1bce07f45af89a0119b03b988988db75a0415837fc7ee","full_source","整段单次播放；我方女性 NPC 受击时约 50% 概率从受击者位置附加播放；与必播命中声分层","v01","confirmed","2026-09-01"
"sfx_combat_sword_swing","combat_sword_swing","assets/audio/combat/weapons/sfx_combat_sword_swing_v01.wav","art_source/audio/masters/combat/weapons/sfx_combat_sword_swing_v01.wav","combat_sword_swing","01","0.416","false","","","1","48000","pcm_s16le","wav_pcm_s24le_48khz","-16.0","0.0","40","0","0","none","Swosh Sword Swing","qubodup","https://freesound.org/s/59992/","CC0","sample_pack_v10","06_sword_swing_bamboo_59992.mp3","9503cb8193bcaa66f594a0f6c764359527cabbe4020f15b058ee98509e38cfb5","b9bf873e6d073cd6ff8a617d7f4fb4026f10df60f851b3dc054a0cd9e17bf9a9","full_source","整段单次播放；绑定挥剑攻击动作的实际挥动点，从攻击者位置发声","v01","confirmed","2026-09-01"
"sfx_combat_polearm_swing","combat_polearm_swing","assets/audio/combat/weapons/sfx_combat_polearm_swing_v01.wav","art_source/audio/masters/combat/weapons/sfx_combat_polearm_swing_v01.wav","combat_polearm_swing","01","0.491","false","","","1","48000","pcm_s16le","wav_pcm_s24le_48khz","-16.0","0.0","40","0","0","none","Stick-Swoosh Whoosh","Hitrison","https://freesound.org/s/216675/","CC-BY 4.0","sample_pack_v10","12_polearm_thick_rod_216675.mp3","3ac459eab8732a53eeec34388d3eee6b1e00494f861c370f9b999c60eb864e16","ea8e0429833e69850bbad0445e00fd4c0f4b09795bb32f30877f6d8a7a027821","full_source","整段单次播放；绑定长杆挥刺攻击动作的实际挥动点，从攻击者位置发声","v01","confirmed","2026-09-01"
"sfx_combat_bow_release","combat_bow_release","assets/audio/combat/weapons/sfx_combat_bow_release_v01.wav","art_source/audio/masters/combat/weapons/sfx_combat_bow_release_v01.wav","combat_bow_release","01","0.750","false","","","1","48000","pcm_s16le","wav_pcm_s24le_48khz","-16.0","0.0","40","0","0","none","Bow Release (Bow and Arrow)","Ali_6868","https://freesound.org/s/384915/","CC0","sample_pack_v11","01_bow_release_384915.mp3","ece6c098cb7a03438b494a3f3e2bdd8b629fe26555d5b39f1933d78731b13fbf","9eb3b0ecb61a074380f892bd07bd1abe5cfb5e9075c3fc3c9ebeca14be2edb31","full_source","整段单次播放；弓释放瞬间从射手位置发声","v01","confirmed","2026-09-01"
"sfx_combat_hand_crossbow_release","combat_hand_crossbow_release","assets/audio/combat/weapons/sfx_combat_hand_crossbow_release_v01.wav","art_source/audio/masters/combat/weapons/sfx_combat_hand_crossbow_release_v01.wav","combat_crossbow_release","01","0.296","false","","","1","48000","pcm_s16le","wav_pcm_s24le_48khz","-16.0","0.0","40","0","0","none","Longbow Release 2.wav","saturdaysoundguy","https://freesound.org/s/394179/","CC0","sample_pack_v11","02_longbow_release_394179.mp3","9d1c74b7adb869212bd7bc87d226ae74c8bd4a5b73dc7707b979b850c94b8a70","0a657500e94d24e43871039e64b61108515fe12c5243842e309b90b0b8d04023","full_source","整段单次播放；手弩释放瞬间从射手位置发声；按用户试听判断跨组复用","v01","confirmed","2026-09-01"
"sfx_combat_arrow_bolt_tower_impact","combat_arrow_bolt_tower_impact","assets/audio/combat/impacts/sfx_combat_arrow_bolt_tower_impact_v01.wav","art_source/audio/masters/combat/impacts/sfx_combat_arrow_bolt_tower_impact_v01.wav","combat_projectile_impact","01","0.375","false","","","1","48000","pcm_s16le","wav_pcm_s24le_48khz","-16.0","0.0","40","0","0","none","Arrow Impact 2","Ali_6868","https://freesound.org/s/384913/","CC0","sample_pack_v11","05_arrow_impact_2_384913.mp3","a20ff9de84ba5da4540b4b6762cb244afe2214925629ca7a3852690b97db8ed2","225d6deb52a10a1e6b850f92c33a0d783aa8e009ce8460b9ec2f4855d7ab25b6","full_source","整段单次播放；普通箭、手弩矢及箭塔投射物确实命中时，从实际命中位置播放","v01","confirmed","2026-09-01"
"sfx_combat_ballista_release","combat_ballista_release","assets/audio/combat/defense_devices/sfx_combat_ballista_release_v01.wav","art_source/audio/masters/combat/defense_devices/sfx_combat_ballista_release_v01.wav","combat_ballista_release","01","0.518","false","","","1","48000","pcm_s16le","wav_pcm_s24le_48khz","-16.0","0.0","40","0","0","none","Crossbow Fire VI","DUDE_X-SoundLab","https://freesound.org/s/752206/","CC0","sample_pack_v11","08_crossbow_fire_mid_752206.mp3","0ec5dca82800189fed9c1875246303af21725aba64f6c55a80bffba454ab4606","baacb9109b7571835976d16eea807642fb50ff5c4f3ce0183dabe66c4b5478fe","full_source","整段单次播放；弩床塔防单位释放瞬间从弩床位置发声","v01","confirmed","2026-09-01"
"sfx_combat_ballista_bolt_whoosh","combat_ballista_bolt_whoosh","assets/audio/combat/projectiles/sfx_combat_ballista_bolt_whoosh_v01.wav","art_source/audio/masters/combat/projectiles/sfx_combat_ballista_bolt_whoosh_v01.wav","combat_ballista_bolt_whoosh","01","0.426","false","","","1","48000","pcm_s16le","wav_pcm_s24le_48khz","-16.0","0.0","40","0","0","none","Whoosh","qubodup","https://freesound.org/s/60013/","CC0","sample_pack_v11","10_bolt_whoosh_short_60013.mp3","ebdb219e7f36f7e1aecdb045d6d8bdad059119af319863777c7302a69fa41a92","05e7d93b83d8ae4c3c16092d963bde5556c6d42e5fe7a21fa01be70be8880705","full_source","整段单次播放；绑定弩床发射的重弩矢位置播放","v01","confirmed","2026-09-01"
"sfx_combat_unconscious_fall","combat_unconscious_fall","assets/audio/combat/impacts/sfx_combat_unconscious_fall_v01.wav","art_source/audio/masters/combat/impacts/sfx_combat_unconscious_fall_v01.wav","combat_unconscious_fall","01","0.828","false","","","1","48000","pcm_s16le","wav_pcm_s24le_48khz","-16.0","0.0","40","0","0","none","Body falling on the ground 1","ihitokage","https://freesound.org/s/395331/","CC0","sample_pack_v12","02_body_fall_ground_395331.mp3","791434afa4bf205129e7364a7228094106c3c6045d30361733ed0fcf8a089893","45b1bb1995e9614bedc3c2b4a6f922bbd5faa022d701ce0f599ba9eec7fc1627","full_source","整段单次播放；角色 HP 清零进入昏迷并实际倒地时，从角色位置播放","v01","confirmed","2026-09-01"
"sfx_combat_horse_death","combat_horse_death","assets/audio/combat/impacts/sfx_combat_horse_death_v01.wav","art_source/audio/masters/combat/impacts/sfx_combat_horse_death_v01.wav","combat_horse_death","01","2.066","false","","","1","48000","pcm_s16le","wav_pcm_s24le_48khz","-16.0","0.0","40","0","0","none","Renill de cavall / Horse Neigh","Salsero_classic","https://freesound.org/s/826753/","CC0","sample_pack_v12","07_horse_neigh_short_826753.mp3","e788ddfbff5820bdc116950585d3f36784d772007f6eb921618ccf95b8143b3c","3134272d0cff9c8391e2f79e7340561341a7b280737c3a5b01f2a4d41b1586bc","full_source","整段单次播放；马匹进入阵亡结果时从马匹位置播放；普通受击不播放马声","v01","confirmed","2026-09-01"
"sfx_combat_stone_structure_damage","combat_stone_structure_damage","assets/audio/combat/structures/sfx_combat_stone_structure_damage_v01.wav","art_source/audio/masters/combat/structures/sfx_combat_stone_structure_damage_v01.wav","combat_stone_structure_damage","01","1.103","false","","","1","48000","pcm_s16le","wav_pcm_s24le_48khz","-16.0","0.0","40","0","0","none","Hit With Something.wav","brennanium135","https://freesound.org/s/360302/","CC0","sample_pack_v12","11_rock_wall_hit_360302.mp3","1c821bd881956bd5eb2be0a0112fe150f2284c754bb1bf9e24f25be0c788e3f1","089c46349e7043a6a71ad21259f5900007cd70ebaac852f678eb2bf6ee9425b8","full_source","整段单次播放；石质建筑每次有效受击时从实际受击位置播放","v01","confirmed","2026-09-01"
"voice_emotion_none_female","npc_emotion_none_female","assets/audio/voice/emotions/voice_emotion_none_female_v01.wav","art_source/audio/masters/voice/emotions/voice_emotion_none_female_v01.wav","npc_emotion_none_female","01","1.000","false","","","1","48000","pcm_s16le","wav_pcm_s24le_48khz","-18.0","0.0","18","0","0","none","3 feminine hmm","kanyonwyvern","https://freesound.org/s/727359/","CC0","sample_pack_v13_female","01_female_none_three_hm_727359.mp3","261e9fce3d30766441b01ecea1158a263ccdc01bac40e43b13dcce87148a4ba1","8bafcb034414af641e2d2ef4125f2bf308667b3a8b86403dddc88e8775320c55","00:00-00:01","只使用 00:00–00:01；女性 NPC 回复情绪为 none 时从 NPC 位置播放","v01","confirmed","2026-09-01"
"voice_emotion_happy_female","npc_emotion_happy_female","assets/audio/voice/emotions/voice_emotion_happy_female_v01.wav","art_source/audio/masters/voice/emotions/voice_emotion_happy_female_v01.wav","npc_emotion_happy_female","01","2.926","false","","","1","48000","pcm_s16le","wav_pcm_s24le_48khz","-18.0","0.0","18","0","0","none","Girl Chuckle.wav","BlueSiren","https://freesound.org/s/377742/","CC0","sample_pack_v13_female","06_female_happy_chuckle_377742.mp3","725a32fb663c353969587ae2081a88f263a8003e7c63f9c3acf8d09ad0cf8fd2","681306cd5c5da35509a26969bcf9979d3a7a91feafa24931b923637e233e1bd2","full_source","整段单次播放；女性 NPC 回复情绪为 happy 时从 NPC 位置播放","v01","confirmed","2026-09-01"
"voice_emotion_relieved_female","npc_emotion_relieved_female","assets/audio/voice/emotions/voice_emotion_relieved_female_v01.wav","art_source/audio/masters/voice/emotions/voice_emotion_relieved_female_v01.wav","npc_emotion_relieved_female","01","0.892","false","","","1","48000","pcm_s16le","wav_pcm_s24le_48khz","-18.0","0.0","18","0","0","none","woman sigh","threadzz","https://freesound.org/s/384992/","CC0","sample_pack_v13_female","08_female_relieved_sigh_384992.mp3","d10e84c450e66bd3a80a64892ce1fa197a4e6ec6f7869bc88ab1a5aa91dc9f93","1664c32e539160bf072cd439d10501b1c1733ee8c5697a9c1c1607caf15703ee","full_source","整段单次播放；女性 NPC 回复情绪为 relieved 时从 NPC 位置播放","v01","confirmed","2026-09-01"
"voice_emotion_angry_female","npc_emotion_angry_female","assets/audio/voice/emotions/voice_emotion_angry_female_v01.wav","art_source/audio/masters/voice/emotions/voice_emotion_angry_female_v01.wav","npc_emotion_angry_female","01","0.398","false","","","1","48000","pcm_s16le","wav_pcm_s24le_48khz","-18.0","0.0","18","0","0","none","Female_Grunt.wav","D001447733","https://freesound.org/s/464622/","CC-BY 3.0","sample_pack_v13_female","10_female_angry_grunt_464622.mp3","13c5a382cde8544549ee216a19bc59408aa4130a5b6f3bf8d8ff440981fa09a9","cd11e18af1b384e66b64402fea85e2e904f22b949b4bad4fc07a59b4e31ca0d7","full_source","整段单次播放；女性 NPC 回复情绪为 angry 时从 NPC 位置播放","v01","confirmed","2026-09-01"
"voice_emotion_none_male_01","npc_emotion_none_male_random","assets/audio/voice/emotions/voice_emotion_none_male_01_v01.wav","art_source/audio/masters/voice/emotions/voice_emotion_none_male_01_v01.wav","npc_emotion_none_male","01","3.785","false","","","1","48000","pcm_s16le","wav_pcm_s24le_48khz","-18.0","0.0","18","0","0","none","Hmm 2 SOS Paranormal.m4a","elcharrua","https://freesound.org/s/592839/","CC-BY 4.0","sample_pack_v13_male","01_male_none_suspicious_592839.mp3","ca418026cee50fbd7e05e2330ec0914e17ff4454c1a40ce2199a41ca3d26c5f9","eceaffb34080a1bd9f8721613dde02972fe544a61bbe89cb781b69923939c0a6","full_source","整段单次播放；男性 NPC 回复情绪为 none 时与 02 二选一随机；从 NPC 位置发声","v01","confirmed","2026-09-01"
"voice_emotion_none_male_02","npc_emotion_none_male_random","assets/audio/voice/emotions/voice_emotion_none_male_02_v01.wav","art_source/audio/masters/voice/emotions/voice_emotion_none_male_02_v01.wav","npc_emotion_none_male","02","0.752","false","","","1","48000","pcm_s16le","wav_pcm_s24le_48khz","-18.0","0.0","18","0","0","none","OneHmm-question.wav","esperar","https://freesound.org/s/170779/","CC0","sample_pack_v13_male","02_male_none_question_170779.mp3","6063f6181e4a12f40700dbd69198249b47072b6fd1964743fbe1afceddbd42a1","599efe1a12796499c970e1a65a1f60a6e32069a78f25ae9f9d5de0fd294717e6","full_source","整段单次播放；男性 NPC 回复情绪为 none 时与 01 二选一随机；从 NPC 位置发声","v01","confirmed","2026-09-01"
"voice_emotion_happy_male","npc_emotion_happy_male","assets/audio/voice/emotions/voice_emotion_happy_male_v01.wav","art_source/audio/masters/voice/emotions/voice_emotion_happy_male_v01.wav","npc_emotion_happy_male","01","9.056","false","","","1","48000","pcm_s16le","wav_pcm_s24le_48khz","-18.0","0.0","18","0","0","none","Various Chuckles_Male.mp3","SnowFightStudios","https://freesound.org/s/643665/","CC0","sample_pack_v13_male","04_male_happy_chuckles_643665.mp3","2b95a1862160c447d9aa178aaa8e2e7997326b6698aa909141b3f0a7a106e9dc","c704e7d7f79bab6ba30e147f7444a73cdfb12cb82b999f5e227c65cc55a3f152","full_source","整段作为来源；最终从合集剪出一条克制短笑；男性 NPC 回复情绪为 happy 时从 NPC 位置播放","v01","confirmed","2026-09-01"
"voice_emotion_relieved_male","npc_emotion_relieved_male","assets/audio/voice/emotions/voice_emotion_relieved_male_v01.wav","art_source/audio/masters/voice/emotions/voice_emotion_relieved_male_v01.wav","npc_emotion_relieved_male","01","1.389","false","","","1","48000","pcm_s16le","wav_pcm_s24le_48khz","-18.0","0.0","18","0","0","none","A male sigh","randbsoundbites","https://freesound.org/s/799579/","CC0","sample_pack_v13_male","09_male_relieved_short_799579.mp3","52dec88ef9958940fc5ff4c8162b8408b5b3f140bef1c56604549da20796d782","b6a341d6880ec52b4fd0673d648a6953e6a1a17e22abea3c4ef71d08e55bf7a1","full_source","整段单次播放；男性 NPC 回复情绪为 relieved 时从 NPC 位置播放","v01","confirmed","2026-09-01"
"voice_emotion_angry_male","npc_emotion_angry_male","assets/audio/voice/emotions/voice_emotion_angry_male_v01.wav","art_source/audio/masters/voice/emotions/voice_emotion_angry_male_v01.wav","npc_emotion_angry_male","01","0.706","false","","","1","48000","pcm_s16le","wav_pcm_s24le_48khz","-18.0","0.0","18","0","0","none","Angry Grunt","Rocotilos","https://freesound.org/s/341489/","CC0","sample_pack_v13_male","10_male_angry_short_341489.mp3","dc4aeb456ea1f274bc31e53a29b2b6d53f8190aadd6336dc88b8abbe7a02a8a4","6c5e381b8bd88c15fd2030f5eecd0e8baffc5b987a4eff8b4f09b1f9f82ecbf1","full_source","整段单次播放；男性 NPC 回复情绪为 angry 时从 NPC 位置播放","v01","confirmed","2026-09-01"
"voice_emotion_sad_female","npc_emotion_sad_female","assets/audio/voice/emotions/voice_emotion_sad_female_v01.wav","art_source/audio/masters/voice/emotions/voice_emotion_sad_female_v01.wav","npc_emotion_sad_female","01","4.318","false","","","1","48000","pcm_s16le","wav_pcm_s24le_48khz","-18.0","0.0","18","0","0","none","Woman sigh","biawinter","https://freesound.org/s/408090/","CC-BY-NC 4.0","sample_pack_v14_female","01_female_sad_sigh_408090.mp3","35f94f9f6e17a7728eee5886f625bcacaa527d3930ba4e4cad689201e7154704","df7145c1f3bb146a040712de31e06e02ecd6554de7e9d09a98baaf03d80b1638","full_source","整段单次播放；从 NPC 位置发声","v01","confirmed","2026-09-01"
"voice_emotion_afraid_female","npc_emotion_afraid_female","assets/audio/voice/emotions/voice_emotion_afraid_female_v01.wav","art_source/audio/masters/voice/emotions/voice_emotion_afraid_female_v01.wav","npc_emotion_afraid_female","01","2.000","false","","","1","48000","pcm_s16le","wav_pcm_s24le_48khz","-18.0","0.0","18","0","0","none","Frightened Breathing.aiff","nickrave","https://freesound.org/s/112557/","CC0","sample_pack_v14_female","04_female_afraid_breathing_112557.mp3","ad941799d547216ba9562d9be9bac8fbd9dd5a37e30db27562275efaea886ef4","ca9d2bf56eecf3e72649157a3ea9271e45af81562d94d96d35610d96aedb1df2","00:00-00:02","只使用 00:00–00:02；单次播放；从 NPC 位置发声","v01","confirmed","2026-09-01"
"voice_emotion_surprised_female","npc_emotion_surprised_female","assets/audio/voice/emotions/voice_emotion_surprised_female_v01.wav","art_source/audio/masters/voice/emotions/voice_emotion_surprised_female_v01.wav","npc_emotion_surprised_female","01","0.582","false","","","1","48000","pcm_s16le","wav_pcm_s24le_48khz","-18.0","0.0","18","0","0","none","Female Gasp.wav","nicklas3799","https://freesound.org/s/467348/","CC-BY 4.0","sample_pack_v14_female","05_female_surprised_gasp_467348.mp3","4d33f5ec27ae52b91d89580acafaec19d5a2a939b5e9643ad6a751cd5b81c9fb","2031ae584034874d8def0a3192f490b6013089bac558a05b1193525b0722e9c8","full_source","整段单次播放；从 NPC 位置发声","v01","confirmed","2026-09-01"
"voice_emotion_confused_female","npc_emotion_confused_female","assets/audio/voice/emotions/voice_emotion_confused_female_v01.wav","art_source/audio/masters/voice/emotions/voice_emotion_confused_female_v01.wav","npc_emotion_confused_female","01","1.312","false","","","1","48000","pcm_s16le","wav_pcm_s24le_48khz","-18.0","0.0","18","0","0","none","Huh? Female Voice Surprised/Confused","magicalmysticva","https://freesound.org/s/738003/","CC-BY 4.0","sample_pack_v14_female","07_female_confused_huh_738003.mp3","2a0182bbfb78bf9a68c1c2f8a0fb4e50b9a45ac450f99e6c6c6043962bd57007","802f29d4808482d3bb0be0da188d9ef4c5966e049ae4bb98c2e2248f10e8304f","full_source","整段单次播放；从 NPC 位置发声","v01","confirmed","2026-09-01"
"voice_emotion_determined_female","npc_emotion_determined_female","assets/audio/voice/emotions/voice_emotion_determined_female_v01.wav","art_source/audio/masters/voice/emotions/voice_emotion_determined_female_v01.wav","npc_emotion_determined_female","01","2.083","false","","","1","48000","pcm_s16le","wav_pcm_s24le_48khz","-18.0","0.0","18","0","0","none","uh huh.wav","shadoWisp","https://freesound.org/s/264610/","CC-BY 3.0","sample_pack_v14_female","09_female_determined_affirmative_264610.mp3","0f525fe37ce57e1f2d3c0ed910fe6a0173bba03d4784412f67430b6f9779e65f","890c7b9b3c49f40c0f980a89711aff8b15e7d1732cc82a75820c204e7e6a4ae2","full_source","整段单次播放；从 NPC 位置发声","v01","confirmed","2026-09-01"
"voice_emotion_sad_male","npc_emotion_sad_male","assets/audio/voice/emotions/voice_emotion_sad_male_v01.wav","art_source/audio/masters/voice/emotions/voice_emotion_sad_male_v01.wav","npc_emotion_sad_male","01","2.244","false","","","1","48000","pcm_s16le","wav_pcm_s24le_48khz","-18.0","0.0","18","0","0","none","Sad male sigh :(","pfranzen","https://freesound.org/s/417750/","CC-BY 4.0","sample_pack_v14_male","01_male_sad_sigh_417750.mp3","80f1c0401ec993beabae794671441827d51959037f13208a8427041b331745a1","4603fad2672c069053a8ea3b548a3ef8c0b67c01d7b9f5c762345d7015a33d6e","full_source","整段单次播放；从 NPC 位置发声","v01","confirmed","2026-09-01"
"voice_emotion_afraid_male","npc_emotion_afraid_male","assets/audio/voice/emotions/voice_emotion_afraid_male_v01.wav","art_source/audio/masters/voice/emotions/voice_emotion_afraid_male_v01.wav","npc_emotion_afraid_male","01","0.980","false","","","1","48000","pcm_s16le","wav_pcm_s24le_48khz","-18.0","0.0","18","0","0","none","Whimper_Gasp_1_Male","Drkvixn91","https://freesound.org/s/318077/","CC0","sample_pack_v14_male","03_male_afraid_whimper_318077.mp3","9148ed58562b0ce640efd3f88bfa368417226f64288bbf97f8e9ac98b4e57fad","9e1b1ffd4671b3cc0d606fd28c9f91fa935a16a4b27757cb23bf0d3bb703b070","full_source","整段单次播放；从 NPC 位置发声","v01","confirmed","2026-09-01"
"voice_emotion_surprised_male","npc_emotion_surprised_male","assets/audio/voice/emotions/voice_emotion_surprised_male_v01.wav","art_source/audio/masters/voice/emotions/voice_emotion_surprised_male_v01.wav","npc_emotion_surprised_male","01","1.000","false","","","1","48000","pcm_s16le","wav_pcm_s24le_48khz","-18.0","0.0","18","0","0","none","surprise_gasps.wav","esperar","https://freesound.org/s/171942/","CC0","sample_pack_v14_male","06_male_surprised_set_171942.mp3","27ce9472df84d1dc532108b1c7ccfd41b05cb7fb507dae9683dbc35163f77c78","6521524befcfbbb639d5c117499ba82e6032355c170f7ba5a0f4907ae4dc2bf4","00:01-00:02","只使用 00:01–00:02；单次播放；从 NPC 位置发声","v01","confirmed","2026-09-01"
"voice_emotion_confused_male","npc_emotion_confused_male","assets/audio/voice/emotions/voice_emotion_confused_male_v01.wav","art_source/audio/masters/voice/emotions/voice_emotion_confused_male_v01.wav","npc_emotion_confused_male","01","1.950","false","","","1","48000","pcm_s16le","wav_pcm_s24le_48khz","-18.0","0.0","18","0","0","none","Male confused-elcharrua.m4a","elcharrua","https://freesound.org/s/530227/","CC-BY 4.0","sample_pack_v14_male","07_male_confused_huh_530227.mp3","3a8a5387dd465ccc1ca1be0b20655cae858915ee405baccf156d0f5e7743d20b","4b5e930e61c660a8eb8a8664d4b346784ebe83012ac5c6d20db3d79663edebba","full_source","整段单次播放；从 NPC 位置发声","v01","confirmed","2026-09-01"
"voice_emotion_determined_male","npc_emotion_determined_male","assets/audio/voice/emotions/voice_emotion_determined_male_v01.wav","art_source/audio/masters/voice/emotions/voice_emotion_determined_male_v01.wav","npc_emotion_determined_male","01","0.420","false","","","1","48000","pcm_s16le","wav_pcm_s24le_48khz","-18.0","0.0","18","0","0","none","min-toPlayer B.mp3","ludist","https://freesound.org/s/204457/","CC-BY 3.0","sample_pack_v14_male","10_male_determined_grunt_204457.mp3","46dfad71602bdbe4d508c7609e09b91308d5cb7a99785c9a0fa894206727d230","6c7c7a28f4193d030b4d1fa2d7c5d73f652081d8bc5bd2a20453bed0f6bf402c","full_source","整段单次播放；从 NPC 位置发声","v01","confirmed","2026-09-01"
"sfx_merchant_cart_arrival_departure","merchant_cart_arrival_departure","assets/audio/world/merchant/sfx_merchant_cart_arrival_departure_v01.ogg","art_source/audio/masters/world/merchant/sfx_merchant_cart_arrival_departure_v01.wav","merchant_cart_movement","01","14.349","true","0.000","14.349","1","48000","vorbis_q5","wav_pcm_s24le_48khz","-20.0","0.0","28","0","0","immediate_start_stop","Horse trotting.wav","juskiddink","https://freesound.org/s/111301/","CC-BY 4.0","sample_pack_v15","07_horse_trot_road_111301.mp3","408ef490d6a8a340f843cf8f4d87a97a4b135d68322605d65051b16cfde9245b","5f6c51fecbd361a712e5af0c4d489d290097a040159a9f18cf122dcf44a7bbfe","full_source","整段循环；商车来去移动期间从商车位置播放；停止移动时立即停止","v01","confirmed","2026-09-01"
"sfx_horse_run","horse_run","assets/audio/foley/horses/sfx_horse_run_v01.ogg","art_source/audio/masters/foley/horses/sfx_horse_run_v01.wav","horse_run","01","9.901","true","0.000","9.901","1","48000","vorbis_q5","wav_pcm_s24le_48khz","-20.0","0.0","18","0","0","immediate_start_stop","SRS_Foley_Horse_Galloping.wav","StephenSaldanha","https://freesound.org/s/165532/","CC0","sample_pack_v15","12_horse_gallop_foley_165532.mp3","a829fb22ed1f90531a4e1f726909c82cecd8ec393abf3607ad8a40b33440412e","a5694b5f3cc74a28eae07bf9f3a539b966034cb6675cd324094ff3f8a63ce66d","00:00-00:10","只使用 00:00–00:10；马匹奔跑时从马匹位置播放","v01","confirmed","2026-09-01"
"sfx_wood_structure_severe_collapse","wood_structure_severe_collapse","assets/audio/combat/structures/sfx_wood_structure_severe_collapse_v01.wav","art_source/audio/masters/combat/structures/sfx_wood_structure_severe_collapse_v01.wav","wood_structure_severe_collapse","01","1.850","false","","","1","48000","pcm_s16le","wav_pcm_s24le_48khz","-16.0","0.0","70","0","0","none","Wood Collapse","modusmogulus","https://freesound.org/s/794522/","CC0","sample_pack_v16","02_wood_structure_collapse_794522.mp3","04267bfb9edfff8575e0c5238465eb802718b488b85b7735de99b1bbf9d3c63e","34301144faa8779aa731efc07dbee95a43d235ba0d5c4ed13a923f4e191f6dec","full_source","整段；严重开裂或倒塌时从建筑位置单次播放","v01","confirmed","2026-09-01"
"sfx_stone_structure_severe_collapse","stone_structure_severe_collapse","assets/audio/combat/structures/sfx_stone_structure_severe_collapse_v01.wav","art_source/audio/masters/combat/structures/sfx_stone_structure_severe_collapse_v01.wav","stone_structure_severe_collapse","01","4.202","false","","","1","48000","pcm_s16le","wav_pcm_s24le_48khz","-16.0","0.0","70","0","0","none","Bricks/Stones/Rocks/Gravel Falling","iwanPlays","https://freesound.org/s/567249/","CC0","sample_pack_v16","05_stone_structure_rubble_567249.mp3","6fdc4ecbc4c1140d9354a64575892f57a5d476cf8b8421fdd2daa90a401342e4","5fada25e26f4a360d573b60a35d50cfdee6da6c751e658d4656b5c8a0df385ad","full_source","整段；严重开裂或倒塌时从建筑位置单次播放","v01","confirmed","2026-09-01"
"sfx_enemy_entry_stinger","enemy_entry_stinger","assets/audio/combat/stingers/sfx_enemy_entry_stinger_v01.wav","art_source/audio/masters/combat/stingers/sfx_enemy_entry_stinger_v01.wav","enemy_entry_stinger","01","4.510","false","","","1","48000","pcm_s16le","wav_pcm_s24le_48khz","-16.0","0.0","70","0","0","none","Horn002.wav","freefire66","https://freesound.org/s/175946/","CC0","sample_pack_v16","08_enemy_entry_battle_horn_175946.mp3","527b5a5797413542d4665673e3a7335ff3ee8c6e409e67dec6f90e82ce294631","a4e2bcfd1fb2a9ca86d0489fa507e07cb807ad2ac1654e6ec9385ee92b8e98ba","full_source","整段；敌人首次进入当前场景时从该敌人位置单次播放","v01","confirmed","2026-09-01"
"sfx_wave_clear_stinger","wave_clear_stinger","assets/audio/combat/stingers/sfx_wave_clear_stinger_v01.wav","art_source/audio/masters/combat/stingers/sfx_wave_clear_stinger_v01.wav","wave_clear_stinger","01","4.528","false","","","1","48000","pcm_s16le","wav_pcm_s24le_48khz","-16.0","0.0","70","0","0","none","Music: Orchestral Victory Fanfare","Sheyvan","https://freesound.org/s/470083/","CC-BY 4.0","sample_pack_v16","12_wave_clear_orchestral_470083.mp3","6b3df38b5d896efe82b081b326e5d6f2a146f8078483c7b87965813baafa2b75","6d795cf9877f9cf94f4598abc3b423878937c36e83e3d70da4c6a147258cb4e5","full_source","整段；单波敌人全部清除时从最后被击败敌人的位置单次播放","v01","confirmed","2026-09-01"
"sfx_final_victory_stinger","final_victory_stinger","assets/audio/combat/stingers/sfx_final_victory_stinger_v01.wav","art_source/audio/masters/combat/stingers/sfx_final_victory_stinger_v01.wav","final_victory_stinger","01","10.500","false","","","1","48000","pcm_s16le","wav_pcm_s24le_48khz","-16.0","0.0","70","0","0","none","Victory Fanfare","humanoide9000","https://freesound.org/s/466133/","CC-BY 4.0","sample_pack_v17","01_final_victory_grand_466133.mp3","d99a915cf6adc87949b939259fd053deaa6d62659a781926a89be3e33375d249","b95f1c1543987a38f1c2a8a43a9aa27f7bdab3ceeeeb4343e727a92cbb58c1cb","full_source","整段；守住最终波次时从主厅位置单次播放","v01","confirmed","2026-09-01"
"sfx_defeat_stinger","defeat_stinger","assets/audio/combat/stingers/sfx_defeat_stinger_v01.wav","art_source/audio/masters/combat/stingers/sfx_defeat_stinger_v01.wav","defeat_stinger","01","2.800","false","","","1","48000","pcm_s16le","wav_pcm_s24le_48khz","-16.0","0.0","70","0","0","none","Game Over Orchestral Stinger - Cartoon Defeat","TommasoMotteran","https://freesound.org/s/856516/","CC-BY 4.0","sample_pack_v17","05_defeat_orchestral_856516.mp3","464e0705968473f0635528f8790ea0ec67a5a8544815ed3c71a1be3ebcf696d3","003af599af7e5d2168a78c27592f8f093368837499696e1221df897d9cb17f54","full_source","整段；主厅被摧毁时从主厅位置单次播放","v01","confirmed","2026-09-01"
"sfx_arrow_tower_release","arrow_tower_release","assets/audio/combat/defense_devices/sfx_arrow_tower_release_v01.wav","art_source/audio/masters/combat/defense_devices/sfx_arrow_tower_release_v01.wav","arrow_tower_release","01","0.296","false","","","1","48000","pcm_s16le","wav_pcm_s24le_48khz","-18.0","0.0","40","0","0","none","Longbow Release 2.wav","saturdaysoundguy","https://freesound.org/s/394179/","CC0","sample_pack_v17","08_arrow_tower_longbow_394179.mp3","9d1c74b7adb869212bd7bc87d226ae74c8bd4a5b73dc7707b979b850c94b8a70","0a657500e94d24e43871039e64b61108515fe12c5243842e309b90b0b8d04023","full_source","整段；箭塔射击时从箭塔位置单次播放","v01","confirmed","2026-09-01"
"sfx_ballista_heavy_bolt_impact","ballista_heavy_bolt_impact","assets/audio/combat/impacts/sfx_ballista_heavy_bolt_impact_v01.wav","art_source/audio/masters/combat/impacts/sfx_ballista_heavy_bolt_impact_v01.wav","ballista_heavy_bolt_impact","01","0.614","false","","","1","48000","pcm_s16le","wav_pcm_s24le_48khz","-18.0","0.0","40","0","0","none","Arrow Impact","Twisted_Euphoria","https://freesound.org/s/205938/","CC0","sample_pack_v17","10_ballista_bolt_impact_205938.mp3","06461ca4d33d78c9651a5c4e13dbc2b6f2cba4c543f0d6cefdabf6f2546a60e9","9a1c51c9b06d07b200b548dd551795ffd858b7fc3e19f01ad9bdfd251379e9ef","full_source","整段；弩床重弩矢命中时从命中点单次播放","v01","confirmed","2026-09-01"
"sfx_ui_panel_open","ui_panel_open","assets/audio/ui/sfx_ui_panel_open_v01.wav","art_source/audio/masters/ui/sfx_ui_panel_open_v01.wav","ui_panel_open","01","0.697","false","","","1","48000","pcm_s16le","wav_pcm_s24le_48khz","-18.0","0.0","","0","0","none","Opening a book","mateusboga","https://freesound.org/s/614081/","CC0","sample_pack_v18","04_panel_open_book_614081.mp3","5a973db043d69e7d1c39f2f7161058b8ec299168381c594c7de1bc35befbe64d","c11960a565c1209328afc6460ba493fdb49157ec35bcb2acdca4e280b1d1bd6e","full_source","整段；打开主要面板时在 UI 声道单次播放","v01","confirmed","2026-09-01"
"sfx_ui_panel_close","ui_panel_close","assets/audio/ui/sfx_ui_panel_close_v01.wav","art_source/audio/masters/ui/sfx_ui_panel_close_v01.wav","ui_panel_close","01","1.149","false","","","1","48000","pcm_s16le","wav_pcm_s24le_48khz","-18.0","0.0","","0","0","none","Book Close - 13","SpaceJoe","https://freesound.org/s/484893/","CC0","sample_pack_v18","09_panel_close_heavy_484893.mp3","0e7b1cc75f21621ba2aff410d7ec8972e424a7076dca3310a4ab8f53b47e1688","98c16f8bb7c4328f537f8d182b0cd7ed4af4e7c43e9e108911b5b8f352b7d41b","full_source","整段；关闭主要面板时在 UI 声道单次播放","v01","confirmed","2026-09-01"
"sfx_ui_interaction_success_resource_collect","ui_interaction_success_resource_collect","assets/audio/ui/sfx_ui_interaction_success_resource_collect_v01.wav","art_source/audio/masters/ui/sfx_ui_interaction_success_resource_collect_v01.wav","ui_confirm_success","01","1.598","false","","","1","48000","pcm_s16le","wav_pcm_s24le_48khz","-18.0","0.0","","0","0","none","Correct Bell","Fupicat","https://freesound.org/s/538147/","CC0","sample_pack_v18","11_confirm_success_chime_538147.mp3","8e06b6d1ddafd26f8f916f1ca02c67b37d49e2d1dcb7327c176c1932714f764e","53bd6802fa4bc8c80ba0d12adc3d02849b916d8831e47185c6e40016c1161da3","full_source","整段；交互或特殊对话交互成功时与绿色文字及成功弹窗同步播放；未来收取资源点击成功时也复用；点击“太好了”关闭弹窗时不播放本音效而只播放普通木质点击","v01","confirmed","2026-09-01"
"sfx_ui_toggle","ui_toggle","assets/audio/ui/sfx_ui_toggle_v01.wav","art_source/audio/masters/ui/sfx_ui_toggle_v01.wav","ui_toggle","01","0.150","false","","","1","48000","pcm_s16le","wav_pcm_s24le_48khz","-18.0","0.0","","0","0","none","Click Tick.wav","malle99","https://freesound.org/s/384187/","CC0","sample_pack_v19","04_slider_click_tick_384187.mp3","ac0696b50f19f82bc693dc7c3b8987878fd201c188cef90d340c318ddd1387eb","45913f0ef0eb72a101a1c265439c688cf6bafd426c02cb6faa5705a33f4a1608","full_source","整段；Toggle 状态改变时在 UI 声道单次播放","v01","confirmed","2026-09-01"
"sfx_world_door_open","world_door_open","assets/audio/world/doors/sfx_world_door_open_v01.wav","art_source/audio/masters/world/doors/sfx_world_door_open_v01.wav","world_door_open","01","1.214","false","","","1","48000","pcm_s16le","wav_pcm_s24le_48khz","-18.0","0.0","28","0","0","none","door creak 1.wav","soundofsong","https://freesound.org/s/647646/","CC0","sample_pack_v19","07_door_open_short_creak_647646.mp3","cbdf201a0c0cbeac2523fe7d0b06ad046dd26ac31bb09092d63caed6e03d54b5","7375dc01d8222f4d604d5ff59ba6f438bd587ee448b3b62cc35a37bd833ca6c0","full_source","整段；普通门开始打开时从门的位置单次播放","v01","confirmed","2026-09-01"
"sfx_world_door_close","world_door_close","assets/audio/world/doors/sfx_world_door_close_v01.wav","art_source/audio/masters/world/doors/sfx_world_door_close_v01.wav","world_door_close","01","1.233","false","","","1","48000","pcm_s16le","wav_pcm_s24le_48khz","-18.0","0.0","28","0","0","none","squeaky wooden door solid close.wav","CastIronCarousel","https://freesound.org/s/216879/","CC0","sample_pack_v19","12_door_close_squeaky_216879.mp3","d5cf79bda636404790a8f061e988c4b9d06fcd244f527c249b30846fecd97982","0a16d6454d62cb61fae6430489a17ba24dbd22ffc3320c181e22e43632375a67","full_source","整段；普通门关闭时从门的位置单次播放","v01","confirmed","2026-09-01"
"sfx_meteor_fall_one_shot","meteor_fall_one_shot","assets/audio/abilities/meteor/sfx_meteor_fall_one_shot_v01.wav","art_source/audio/masters/abilities/meteor/sfx_meteor_fall_one_shot_v01.wav","meteor_fall","01","5.964","false","","","1","48000","pcm_s16le","wav_pcm_s24le_48khz","-16.0","0.0","120","0","0","none","Fireball, Woosh, Pass, fast","julianmateo_","https://freesound.org/s/522705/","CC0","sample_pack_v2","01_meteor_fireball_pass_522705.mp3","8fc9549e7422dd0c9fa1e89993b6e093ac42991540ed2492e986a5c7ba2f6ebc","c08148bb9b3428c4a304ce28681fa62040217cbfbe94e758c5934769dada0c4c","full_source","完整单次播放；不剪辑","v01","confirmed","2026-09-01"
"sfx_work_garden_loop","work_garden_loop","assets/audio/work/garden/sfx_work_garden_loop_v01.ogg","art_source/audio/masters/work/garden/sfx_work_garden_loop_v01.wav","work_garden","01","9.053","true","0.000","9.053","1","48000","vorbis_q5","wav_pcm_s24le_48khz","-20.0","0.0","28","350","350","runtime_start_stop","Shovel_dirt.wav","dr19","https://freesound.org/s/353907/","CC0","sample_pack_v2","04_garden_shovel_dirt_353907.mp3","9c34566e583e9aa94e6aa69140ab6b7e62fc538e8a27ac310bfd747959bfb57f","5f152f1876d76c788c1ca909385d5a7d25cdabe367ef76ae68981ed358498a26","full_source","整段循环；不剪辑；工作开始渐入、工作结束渐出","v01","confirmed","2026-09-01"
"sfx_work_dining_hall_loop","work_dining_hall_loop","assets/audio/work/dining_hall/sfx_work_dining_hall_loop_v01.ogg","art_source/audio/masters/work/dining_hall/sfx_work_dining_hall_loop_v01.wav","work_dining_hall","01","8.960","true","0.000","8.960","1","48000","vorbis_q5","wav_pcm_s24le_48khz","-20.0","0.0","28","350","350","runtime_start_stop","Beginner chopping vegetables on a cutting board","megahope","https://freesound.org/s/829282/","CC0","sample_pack_v2","06_kitchen_chopping_829282.mp3","e575e34669ba81d1529db8f099d15ccf78cf8c249401006dca3a62bdb3933252","2b5d7912ec74994ce2b8e842f0f74f4358a0e0b251bb22465e90c6573bbb35dd","full_source","整段循环；不剪辑；工作开始渐入、工作结束渐出","v01","confirmed","2026-09-01"
"sfx_work_stable_with_horse_loop","work_stable_with_horse_loop","assets/audio/work/stable/sfx_work_stable_with_horse_loop_v01.ogg","art_source/audio/masters/work/stable/sfx_work_stable_with_horse_loop_v01.wav","work_stable","01","9.604","true","0.000","9.604","1","48000","vorbis_q5","wav_pcm_s24le_48khz","-20.0","0.0","28","350","350","runtime_start_stop","G38-16-Four Horse Snorts.wav","craigsmith","https://freesound.org/s/437111/","CC0","sample_pack_v2","08_stable_horse_snorts_437111.mp3","a700da65f76e52e914ef7214dd207b49067f313d3d2f8a857e64b6f9bb6b8ac0","812489eed20b7c9ac0b8a4a80aa79d3ed0c29260154caa6bf9f20b611336a029","00:01-end","后续截取 00:01–结尾并循环；工作开始渐入、工作结束渐出","v01","confirmed","2026-09-01"
"sfx_work_stable_without_horse_loop","work_stable_without_horse_loop","assets/audio/work/stable/sfx_work_stable_without_horse_loop_v01.ogg","art_source/audio/masters/work/stable/sfx_work_stable_without_horse_loop_v01.wav","work_stable","01","30.919","true","0.000","30.919","1","48000","vorbis_q5","wav_pcm_s24le_48khz","-20.0","0.0","28","350","350","runtime_start_stop","Plants or Straw hay - dried cereals","Vrymaa","https://freesound.org/s/734643/","CC0","sample_pack_v2","09_stable_hay_straw_734643.mp3","cacfb29d9102d6d959ffc25d335ebf9d96f2e273a35dc4a3cdf0c85423a10bf3","7a988794f75c87022373b32c182ca658c3e2b8e9f489ada02a4d5f3e47c6b2f1","full_source","整段循环；不剪辑；工作开始渐入、工作结束渐出","v01","confirmed","2026-09-01"
"sfx_work_tavern_loop","work_tavern_loop","assets/audio/work/tavern/sfx_work_tavern_loop_v01.ogg","art_source/audio/masters/work/tavern/sfx_work_tavern_loop_v01.wav","work_tavern","01","4.999","true","0.000","4.999","1","48000","vorbis_q5","wav_pcm_s24le_48khz","-20.0","0.0","28","350","350","runtime_start_stop","wine open pour.wav","fryzu82","https://freesound.org/s/142325/","CC0","sample_pack_v2","10_brewing_wine_open_pour_142325.mp3","ecd4772ef2e6dcb4685a71022092d2a2b14763b7c211bfdbab085e5833ab7c40","fda016554ce978c8c983b1a9e44f9f148a2b9d489e98d267c3c482d9ee8aaffa","full_source","整段循环；不剪辑；工作开始渐入、工作结束渐出","v01","confirmed","2026-09-01"
"sfx_work_workshop_loop","work_workshop_loop","assets/audio/work/workshop/sfx_work_workshop_loop_v01.ogg","art_source/audio/masters/work/workshop/sfx_work_workshop_loop_v01.wav","work_workshop","01","86.967","true","0.000","86.967","1","48000","vorbis_q5","wav_pcm_s24le_48khz","-20.0","0.0","28","350","350","runtime_start_stop","Hand Saw Sawing Wood","deleted_user_7146007","https://freesound.org/s/383725/","CC0","sample_pack_v2","12_workshop_hand_saw_383725.mp3","9e58abb5c2ebe0c27c6e77f2d6261177401b3cb6dc0b9deca41cf6d1bff9044b","601294d81ff81e69a77335bf52105e734dc16a25062e033b64cd5a5b68690ec2","full_source","整段循环；不剪辑；工作开始渐入、工作结束渐出","v01","confirmed","2026-09-01"
"music_menu","bgm_menu","assets/audio/music/menu/music_menu_v01.ogg","art_source/audio/masters/music/menu/music_menu_v01.wav","bgm_menu","01","87.921","true","0.000","87.921","2","48000","vorbis_q5","wav_pcm_s24le_48khz","-16.0","0.0","","2000","2000","baked_each_cycle","It's time for an adventure.wav","AwaziXosh","https://freesound.org/s/566208/","CC0","sample_pack_v21_bgm","03_bgm_menu_adventure_566208.mp3","d6e94bb737acac3f6adb1c35ba27d6c71a8010ee2ced3c2fe7abeaa05cb19a7a","fbc2b4abe2d18d9851184c5e7138c15cb20317e58bb975b67dc0442006dbd429","full_source","整段单曲循环；每轮开头渐入、结尾渐出以自然衔接下一轮；不使用空间衰减","v01","confirmed","2026-09-01"
"music_day_night","bgm_day_night","assets/audio/music/day/music_day_night_v01.ogg","art_source/audio/masters/music/day/music_day_night_v01.wav","bgm_day_night","01","55.577","true","0.000","55.577","2","48000","vorbis_q5","wav_pcm_s24le_48khz","-16.0","0.0","","2000","2000","baked_each_cycle","ambient-music","giangallegos","https://freesound.org/s/812170/","CC0","sample_pack_v21_bgm","05_bgm_day_medieval_ambient_812170.mp3","abee294d3100c1eac5a8c61d3bf9672e244b6f1e6bd395b983c3901c860421fe","6042991c9ac747520b35a9ea8029154efeff435aa97e93ef2a38b48601848210","full_source","整段单曲循环；每轮开头渐入、结尾渐出以自然衔接下一轮；不使用空间衰减；白天与夜晚共同使用","v01","confirmed","2026-09-01"
"music_battle","bgm_battle","assets/audio/music/combat/music_battle_v01.ogg","art_source/audio/masters/music/combat/music_battle_v01.wav","bgm_battle","01","56.889","true","0.000","56.889","2","48000","vorbis_q5","wav_pcm_s24le_48khz","-16.0","0.0","","2000","2000","baked_each_cycle","First Battle Fantasy Combat Background Music Loop 135bpm in E Minor","ManuelGraf","https://freesound.org/s/808501/","CC-BY 4.0","sample_pack_v21_bgm","10_bgm_battle_first_battle_808501.mp3","d3e97cbcc82e675714ade490cee7b672fa32aac2e5b44ac3a66bec2e92b32ef5","a94799e0948bf9a37b35cead47d7b061eb7b2844f58809531a8f50c7cfc75970","full_source","整段单曲循环；每轮开头渐入、结尾渐出以自然衔接下一轮；不使用空间衰减；场景内存在敌人时播放","v01","confirmed","2026-09-01"
"sfx_work_training_loop","work_training_loop","assets/audio/work/training/sfx_work_training_loop_v01.ogg","art_source/audio/masters/work/training/sfx_work_training_loop_v01.wav","work_training","01","9.789","true","0.000","9.789","1","48000","vorbis_q5","wav_pcm_s24le_48khz","-20.0","0.0","28","350","350","runtime_start_stop","Sword Training 1.wav","Thimblerig","https://freesound.org/s/501720/","CC0","sample_pack_v3","01_training_sword_sparring_501720.mp3","0b3a1886b9580172472b74d903ecc5e28b96c395f3d09b64b574d45ef1f411c6","843db72557d0d85195771c414549f2066dfb7bc761a5ffab59937d3c733412b7","full_source","整段循环；不剪辑；工作开始渐入、工作结束渐出","v01","confirmed","2026-09-01"
"sfx_work_clinic_treatment_and_assist_loop","work_clinic_treatment_and_assist_loop","assets/audio/work/clinic/sfx_work_clinic_treatment_and_assist_loop_v01.ogg","art_source/audio/masters/work/clinic/sfx_work_clinic_treatment_and_assist_loop_v01.wav","work_clinic_treatment","01","25.856","true","0.000","25.856","1","48000","vorbis_q5","wav_pcm_s24le_48khz","-20.0","0.0","28","350","350","runtime_start_stop","Fabric rubbing.mp3","mandy2","https://freesound.org/s/678008/","CC0","sample_pack_v3","06_treatment_bandage_fabric_678008.mp3","aa3bdbeb2776c0b15b2b58fd5cbfdfc1e0d44e7e20555692bf691a296e51fc7a","4562f36b1b3e23409f9efd0311f8fa6d8dc7d14714b51aca6cf42cba8fb78011","full_source","整段循环；不剪辑；工作开始渐入、工作结束渐出","v01","confirmed","2026-09-01"
"sfx_work_clinic_doctor_reading_loop","work_clinic_doctor_reading_loop","assets/audio/work/clinic/sfx_work_clinic_doctor_reading_loop_v01.ogg","art_source/audio/masters/work/clinic/sfx_work_clinic_doctor_reading_loop_v01.wav","work_clinic_doctor","01","9.364","true","0.000","9.364","1","48000","vorbis_q5","wav_pcm_s24le_48khz","-20.0","0.0","28","350","350","runtime_start_stop","Book Page Turn","Kodack","https://freesound.org/s/256475/","CC0","sample_pack_v3","08_chapel_book_pages_256475.mp3","99c0ffb127dfc64214c6ecd5d30f2a5deb3f2419328e5a54f7c070f2e341cd71","1683292ea97a1681aea82e996ad246d520e67f1041beddbe35be8541bd2509be","full_source","整段循环；不剪辑；工作开始渐入、工作结束渐出","v01","confirmed","2026-09-01"
"sfx_work_repair_and_upgrade_loop","work_repair_and_upgrade_loop","assets/audio/work/construction/sfx_work_repair_and_upgrade_loop_v01.ogg","art_source/audio/masters/work/construction/sfx_work_repair_and_upgrade_loop_v01.wav","work_construction","01","17.579","true","0.000","17.579","1","48000","vorbis_q5","wav_pcm_s24le_48khz","-20.0","0.0","28","350","350","runtime_start_stop","nailing.wav","Mihacappy","https://freesound.org/s/850175/","CC0","sample_pack_v3","09_repair_nailing_850175.mp3","2ae3994abe284f85bcd371ac73b1063c0ffb0a4744aae0a5e4d4f122794a6558","5c0a3b83dd83882174b39718069fd003289e7e14e38c69b0805804c11640fae1","full_source","整段循环；不剪辑；工作开始渐入、工作结束渐出","v01","confirmed","2026-09-01"
"sfx_chapel_prayer_presence_loop","chapel_prayer_presence_loop","assets/audio/work/chapel/sfx_chapel_prayer_presence_loop_v01.ogg","art_source/audio/masters/work/chapel/sfx_chapel_prayer_presence_loop_v01.wav","work_chapel_prayer","01","305.033","true","0.000","305.033","1","48000","vorbis_q5","wav_pcm_s24le_48khz","-20.0","0.0","28","350","350","runtime_start_stop","crowd in church.mp3","jaava73","https://freesound.org/s/40626/","CC0","sample_pack_v4","05_chapel_crowd_murmur_40626.mp3","2c4696b97595aba8c120eabbf327e0132a027cc94b09561dcc1649e567bcb761","b123d79caac73f4e87b200f1a1ee934accc96771a4a7e2a882990a73c5b8a3ac","full_source","整段循环；不剪辑；教堂内首名祈祷者开始时渐入、最后一名祈祷者结束时渐出","v01","confirmed","2026-09-01"
"sfx_chapel_mass_start_one_shot","chapel_mass_start_one_shot","assets/audio/work/chapel/sfx_chapel_mass_start_one_shot_v01.wav","art_source/audio/masters/work/chapel/sfx_chapel_mass_start_one_shot_v01.wav","work_chapel_mass","01","5.000","false","","","1","48000","pcm_s16le","wav_pcm_s24le_48khz","-20.0","0.0","28","0","0","none","Church bell half hour mark","Sadiquecat","https://freesound.org/s/852491/","CC0","sample_pack_v4","06_chapel_church_bell_852491.mp3","fd4ebeb5a123fba10ef9b54cac4cdaeea415f8e38a9e0f924b792e582888ec86","c942373599c263679fe44431e11f19c25d7e26b2a5c45c64778f2070305b6a0d","00:00-00:05","裁取 00:00–00:05；弥撒开始瞬间完整播放一次裁剪结果","v01","confirmed","2026-09-01"
"sfx_daily_eating_loop","daily_eating_loop","assets/audio/work/dining_hall/sfx_daily_eating_loop_v01.ogg","art_source/audio/masters/work/dining_hall/sfx_daily_eating_loop_v01.wav","daily_eating","01","10.208","true","0.000","10.208","1","48000","vorbis_q5","wav_pcm_s24le_48khz","-20.0","0.0","28","350","350","runtime_start_stop","spoon clanking in ceramic bowl.wav","simosco","https://freesound.org/s/235573/","CC0","sample_pack_v4","07_eating_spoon_ceramic_bowl_235573.mp3","7e3d57e4af1e71628bdb94389942ae5f8f364ccbf9243aeff8ca88a03e4b2a89","ca95f5db1a7721ff90b45db0546cb17cfdc8ae41173129e565d621925bd6a144","full_source","整段循环；不剪辑；行动开始渐入、行动结束渐出","v01","confirmed","2026-09-01"
"sfx_daily_drinking_one_shot","daily_drinking_one_shot","assets/audio/work/dining_hall/sfx_daily_drinking_one_shot_v01.wav","art_source/audio/masters/work/dining_hall/sfx_daily_drinking_one_shot_v01.wav","daily_drinking","01","1.000","false","","","1","48000","pcm_s16le","wav_pcm_s24le_48khz","-20.0","0.0","28","0","0","none","Drink Sip and Swallow","OwlStorm","https://freesound.org/s/320139/","CC0","sample_pack_v4","09_drinking_sip_swallow_320139.mp3","be02337539efacf301e00a898bf78a820a51eb40e96a558c08e137e54ec722fb","f876a542dd8d985c57be17971d83e7a3455c9ba063dab095ad623ae3da72026c","00:00-00:01","裁取 00:00–00:01；每次饮酒动作播放一次裁剪结果","v01","confirmed","2026-09-01"
"sfx_chapel_mass_in_progress_loop","chapel_mass_in_progress_loop","assets/audio/work/chapel/sfx_chapel_mass_in_progress_loop_v01.ogg","art_source/audio/masters/work/chapel/sfx_chapel_mass_in_progress_loop_v01.wav","work_chapel_mass_chant","01","120.597","true","0.000","120.597","1","48000","vorbis_q5","wav_pcm_s24le_48khz","-20.0","0.0","28","350","350","runtime_start_stop","8_Vatican_071922_2.wav","Thel200ster","https://freesound.org/s/646650/","CC-BY-4.0","sample_pack_v5","07_mass_vatican_singing_646650.mp3","df56e7cb2daa19ccd48c893026000529948b9fc6b22b6a675eae015e9fd9ae0d","eac0985d2ef6f89a976573db83c82cd4859f70176323f42aaf9cad12c81aa525","full_source","整段循环；不剪辑；弥撒开始钟声结束后渐入，弥撒结束时渐出","v01","confirmed","2026-09-01"
"sfx_ambience_dawn_rooster","ambience_dawn_rooster_random_one_shot","assets/audio/ambience/local_emitters/sfx_ambience_dawn_rooster_v01.wav","art_source/audio/masters/ambience/local_emitters/sfx_ambience_dawn_rooster_v01.wav","ambience_dawn_rooster","01","4.855","false","","","1","48000","pcm_s16le","wav_pcm_s24le_48khz","-23.0","0.0","45","0","0","none","morning cocorico birds rooster cock poultry","Nimlos","https://freesound.org/s/585511/","CC0","sample_pack_v6","02_dawn_rooster_outdoor_585511.mp3","d80b7824ee83d5150659d087daece6774a9bdf6cf52f0a8f6f0a8f91c233f27e","0077f72cad5f2f14e2b8d0300a95a8fcc2af1d60e7988ea441e1ec172e9f1d57","full_source","整段播放；不剪辑；仅黎明时段在马厩或食堂附近空间点低频随机触发","v01","confirmed","2026-09-01"
"sfx_ambience_day_bird_01","ambience_day_bird_random_one_shot","assets/audio/ambience/local_emitters/sfx_ambience_day_bird_01_v01.wav","art_source/audio/masters/ambience/local_emitters/sfx_ambience_day_bird_01_v01.wav","ambience_day_bird","01","37.208","false","","","1","48000","pcm_s16le","wav_pcm_s24le_48khz","-23.0","0.0","45","0","0","none","Sparrows Close Chirp Exterior Birds.wav","Profispiesser","https://freesound.org/s/543827/","CC0","sample_pack_v6","04_day_birds_sparrows_543827.mp3","8ee4c24366fe6b73b08f4a8325adb05853ed11f647ccffff9227f22683764fd2","89477f8638aa59fef0e63a7e74138d716dc942a2b24af1381f7ae3c89da98258","full_source","整段播放；不剪辑；白天在独立树冠空间点随机触发；与 05、06 错时","v01","confirmed","2026-09-01"
"sfx_ambience_day_bird_02","ambience_day_bird_random_one_shot","assets/audio/ambience/local_emitters/sfx_ambience_day_bird_02_v01.wav","art_source/audio/masters/ambience/local_emitters/sfx_ambience_day_bird_02_v01.wav","ambience_day_bird","02","58.500","false","","","1","48000","pcm_s16le","wav_pcm_s24le_48khz","-23.0","0.0","45","0","0","none","Woodland Birds.wav","Artemis_R_Swann","https://freesound.org/s/517481/","CC0","sample_pack_v6","05_day_birds_robin_woodland_517481.mp3","552ca784eff824fbb5ac1af0a3280196b65c11cc10836711de7bf4091f26940c","9ac51db27f410beff7fb5eb8fba3c2574883a69dccdf719f3a3cbd4e848e7cfc","full_source","整段播放；不剪辑；白天在独立林缘空间点随机触发；与 04、06 错时","v01","confirmed","2026-09-01"
"sfx_ambience_day_bird_03","ambience_day_bird_random_one_shot","assets/audio/ambience/local_emitters/sfx_ambience_day_bird_03_v01.wav","art_source/audio/masters/ambience/local_emitters/sfx_ambience_day_bird_03_v01.wav","ambience_day_bird","03","33.523","false","","","1","48000","pcm_s16le","wav_pcm_s24le_48khz","-23.0","0.0","45","0","0","none","Blackbird.wav","Kimskell","https://freesound.org/s/628029/","CC0","sample_pack_v6","06_day_birds_blackbird_628029.mp3","58abf1a7c88199b89b87c107f771bf0285b8464a0a4e2da86cecaf7448a7e110","9a49182e409860e202e92cf3f1190a453eb3e58f7de7ec3be413d948a95c3fd5","full_source","整段播放；不剪辑；白天在独立树冠空间点随机触发；与 04、05 错时","v01","confirmed","2026-09-01"
"sfx_ambience_night_insects_local_loop_01","ambience_night_insects_local_loop","assets/audio/ambience/local_emitters/sfx_ambience_night_insects_local_loop_01_v01.ogg","art_source/audio/masters/ambience/local_emitters/sfx_ambience_night_insects_local_loop_01_v01.wav","ambience_night_insects","01","9.767","true","0.000","9.767","1","48000","vorbis_q5","wav_pcm_s24le_48khz","-23.0","0.0","45","1000","1000","runtime_start_stop","Outdoors_Night_CricketsLoop.wav","MrFossy","https://freesound.org/s/521843/","CC0","sample_pack_v6","07_night_crickets_loop_521843.mp3","dd0b27aa537795341bf9456cc9854be5775439f0fffec8a191107a86c3bfbab6","9fb57294353e9651e0f343fbd9019b603680f55bbcea9565fe66b87615f3d375","full_source","整段循环；不剪辑；放在独立草丛空间声区，夜间随机错时启停并渐入渐出","v01","confirmed","2026-09-01"
"sfx_ambience_night_insects_local_loop_02","ambience_night_insects_local_loop","assets/audio/ambience/local_emitters/sfx_ambience_night_insects_local_loop_02_v01.ogg","art_source/audio/masters/ambience/local_emitters/sfx_ambience_night_insects_local_loop_02_v01.wav","ambience_night_insects","02","33.607","true","0.000","33.607","1","48000","vorbis_q5","wav_pcm_s24le_48khz","-23.0","0.0","45","1000","1000","runtime_start_stop","Night crickets","Vrymaa","https://freesound.org/s/734642/","CC0","sample_pack_v6","08_night_crickets_mountain_734642.mp3","f2ee065f4da77cf2ce3384ba1fa502cbea06898282219a2ff296ebf015b0471e","52edf2e8f8c617d28540b7d294d663c68846d720aa258aa5f6c4c545618e2ee8","full_source","整段循环；不剪辑；放在独立林下空间声区，夜间随机错时启停并渐入渐出","v01","confirmed","2026-09-01"
"sfx_ambience_night_insects_local_loop_03","ambience_night_insects_local_loop","assets/audio/ambience/local_emitters/sfx_ambience_night_insects_local_loop_03_v01.ogg","art_source/audio/masters/ambience/local_emitters/sfx_ambience_night_insects_local_loop_03_v01.wav","ambience_night_insects","03","8.000","true","0.000","8.000","1","48000","vorbis_q5","wav_pcm_s24le_48khz","-23.0","0.0","45","1000","1000","runtime_start_stop","Jackwald's Sounds - Evening Cricket Ambience (Looped)","JackwaldOfficial","https://freesound.org/s/830044/","CC-BY-4.0","sample_pack_v6","09_night_crickets_evening_loop_830044.mp3","18ee18b133509c57ae3e545f3be65db5d65fd75235b44a1a7f2ccd6fe16fe518","42413fa94a027087dff1c3690c0f93e2b2596fd3d544d236b009270b64715d54","full_source","整段循环；不剪辑；放在独立草地空间声区，夜间随机错时启停并渐入渐出","v01","confirmed","2026-09-01"
"sfx_ambience_night_owl","ambience_night_owl_random_one_shot","assets/audio/ambience/local_emitters/sfx_ambience_night_owl_v01.wav","art_source/audio/masters/ambience/local_emitters/sfx_ambience_night_owl_v01.wav","ambience_night_owl","01","3.997","false","","","1","48000","pcm_s16le","wav_pcm_s24le_48khz","-23.0","0.0","45","0","0","none","owl.wav","Anthousai","https://freesound.org/s/398734/","CC0","sample_pack_v6","11_night_owl_field_398734.mp3","e9c494276358bbae6f537198cdac67a2bfba80a383b52326972e9644e6341b34","c380c7bc11a245f6d099a12d6c6eeb9eb9f5876e0682ccee4c94d6b9c498f3d5","full_source","整段播放；不剪辑；夜间在前后树林空间点低频随机触发，每次可换位置","v01","confirmed","2026-09-01"
"sfx_ambience_river_local_loop","ambience_river_local_loop","assets/audio/ambience/local_emitters/sfx_ambience_river_local_loop_v01.ogg","art_source/audio/masters/ambience/local_emitters/sfx_ambience_river_local_loop_v01.wav","ambience_river","01","63.986","true","0.000","63.986","1","48000","vorbis_q5","wav_pcm_s24le_48khz","-23.0","0.0","45","1000","1000","runtime_start_stop","River flowing sound.","Tom_Kaszuba","https://freesound.org/s/660262/","CC0","sample_pack_v7","06_river_babbling_660262.mp3","c8cf18b0e889ce2f99d09f8abfe6fc71764e8fe594ad474bfc5e73fd26d4d3e5","b08bba78b37e090a888d905350b3ee153bc7bd7ad03919de8b829a6b94ab234a","full_source","整段循环；不剪辑；沿河道布置位置化声源并在远离河岸时衰减","v01","confirmed","2026-09-01"
"sfx_ambience_active_fire_loop","ambience_active_fire_loop","assets/audio/ambience/local_emitters/sfx_ambience_active_fire_loop_v01.ogg","art_source/audio/masters/ambience/local_emitters/sfx_ambience_active_fire_loop_v01.wav","ambience_fire","01","60.836","true","0.000","60.836","1","48000","vorbis_q5","wav_pcm_s24le_48khz","-23.0","0.0","45","1000","1000","runtime_start_stop","Fireplace Fire Crackling","RyanKingArt","https://freesound.org/s/717579/","CC0","sample_pack_v7","08_fire_fireplace_717579.mp3","1b865f4c06b59a6db2d8168dd0033fefaeb5310b84a085e08f71771dde12023b","bac379ff2e3321ae1b2b6aaba0dda7c0b6c875fc3159649df04d7ef547fdc997","full_source","整段循环；不剪辑；仅铁匠炉或壁炉正在使用时从实际炉火位置渐入，停用时渐出","v01","confirmed","2026-09-01"
"sfx_world_battle_alert_one_shot","world_battle_alert_one_shot","assets/audio/world/bell/sfx_world_battle_alert_one_shot_v01.wav","art_source/audio/masters/world/bell/sfx_world_battle_alert_one_shot_v01.wav","world_battle_alert","01","4.838","false","","","1","48000","pcm_s16le","wav_pcm_s24le_48khz","-18.0","0.0","70","0","0","none","Battle_horn_1.wav","kirmm","https://freesound.org/s/392180/","CC0","sample_pack_v7","11_alert_battle_horn_392180.mp3","d6a796854db10f8d94f4bc456289aff1c5c63cb8a8f65feac00c5904fbbd94dc","6177d1bfebae7693bf7ae25b3554c68ec4076339f913e356ab42319a4657aa7a","full_source","整段单次播放；不剪辑；敌袭警报触发时从固定号角位置发声","v01","confirmed","2026-09-01"
"sfx_foley_run_unified_loop","foley_run_unified_loop","assets/audio/foley/footsteps/sfx_foley_run_unified_loop_v01.ogg","art_source/audio/masters/foley/footsteps/sfx_foley_run_unified_loop_v01.wav","foley_run_unified","01","16.001","true","0.000","16.001","1","48000","vorbis_q5","wav_pcm_s24le_48khz","-20.0","0.0","18","0","0","immediate_start_stop","Running Concrete","LewisEmmott5","https://freesound.org/s/732563/","CC0","sample_pack_v8","11_run_stone_mono_732563.mp3","fefbdec6b4c9a311c07b2fc66fa1a7b85220080764d2021168f23bfb8dd9d306","285b7fe88934aba97631c5a87285183f20424969ef13bf414160235deed7fde4","full_source","所有地面统一使用；角色开始奔跑时立即从角色位置播放，持续奔跑时循环；停止奔跑时立即截停；不做渐入渐出","v01","confirmed","2026-09-01"
"voice_combat_friendly_male_hurt_voice","combat_friendly_male_hurt_voice","assets/audio/voice/combat_grunts/voice_combat_friendly_male_hurt_voice_v01.wav","art_source/audio/masters/voice/combat_grunts/voice_combat_friendly_male_hurt_voice_v01.wav","combat_friendly_hurt_voice","01","0.444","false","","","1","48000","pcm_s16le","wav_pcm_s24le_48khz","-18.0","0.0","40","0","0","none","Grunts Male.wav","Dirtjm","https://freesound.org/s/262279/","CC-BY-NC 3.0","sample_pack_v9","01_hurt_grunt_single_262279.mp3","cddc793e1eaed04af7bb70e2cda3df7ded3bfcc90e1c311c31ae5620d9e98c36","886ed1ab29835e908d82f9f52192daffa2fbd3ab95717d3e32673ddf6e01107b","full_source","整段单次播放；我方男性 NPC 受击时约 50% 概率从受击者位置附加播放；与必播命中声分层","v01","confirmed","2026-09-01"
"voice_combat_enemy_hurt_voice","combat_enemy_hurt_voice","assets/audio/voice/combat_grunts/voice_combat_enemy_hurt_voice_v01.wav","art_source/audio/masters/voice/combat_grunts/voice_combat_enemy_hurt_voice_v01.wav","combat_enemy_hurt_voice","01","0.522","false","","","1","48000","pcm_s16le","wav_pcm_s24le_48khz","-18.0","0.0","40","0","0","none","male_hurt1.ogg","micahlg","https://freesound.org/s/413176/","CC0","sample_pack_v9","02_hurt_grunt_short_413176.mp3","715fca2ad2e5a6fdcc86dd7eeace06f69b737a1bbe5f73ff1801b4556c18a117","dd64488ba593434e2b9232bb3571fa137ad1834fbee7958beb5e4a9ce79b7d43","full_source","整段单次播放；敌人受击时约 50% 概率从受击者位置附加播放；与必播命中声分层","v01","confirmed","2026-09-01"
"sfx_combat_hit_contact_01","combat_hit_contact_random","assets/audio/combat/impacts/sfx_combat_hit_contact_01_v01.wav","art_source/audio/masters/combat/impacts/sfx_combat_hit_contact_01_v01.wav","combat_hit_contact","01","0.761","false","","","1","48000","pcm_s16le","wav_pcm_s24le_48khz","-16.0","0.0","40","0","0","none","Sword Hit","qubodup","https://freesound.org/s/442769/","CC0","sample_pack_v9","04_enemy_hit_sword_442769.mp3","93d72e63bb8d9b8a60d2c0ac665c153171515645fbb85f4ec028e4a253e7b167","0307543f7936fae5a83e1d314f4174d285f61978c3ce12b1542844c3a65c8857","full_source","整段单次播放；每次有效受击必播，并与 05、06 剪辑版三选一随机；从实际命中位置发声","v01","confirmed","2026-09-01"
"sfx_combat_hit_contact_02","combat_hit_contact_random","assets/audio/combat/impacts/sfx_combat_hit_contact_02_v01.wav","art_source/audio/masters/combat/impacts/sfx_combat_hit_contact_02_v01.wav","combat_hit_contact","02","0.841","false","","","1","48000","pcm_s16le","wav_pcm_s24le_48khz","-16.0","0.0","40","0","0","none","body_hit.wav","insanity54","https://freesound.org/s/276600/","CC0","sample_pack_v9","05_enemy_hit_body_276600.mp3","81f5997c3dc672d5a5dd259044ba16f8012da0fc402b6903ef42dc27bcaa36fb","49c574200b2a303d058b663e0a688b7fdb5ccccbca3769a3dbb87f258e720630","full_source","整段单次播放；每次有效受击必播，并与 04、06 剪辑版三选一随机；从实际命中位置发声","v01","confirmed","2026-09-01"
"sfx_combat_hit_contact_03","combat_hit_contact_random","assets/audio/combat/impacts/sfx_combat_hit_contact_03_v01.wav","art_source/audio/masters/combat/impacts/sfx_combat_hit_contact_03_v01.wav","combat_hit_contact","03","1.000","false","","","1","48000","pcm_s16le","wav_pcm_s24le_48khz","-16.0","0.0","40","0","0","none","Face Punch, Body Impact, 4x","Kinoton","https://freesound.org/s/503277/","CC0","sample_pack_v9","06_enemy_hit_impacts_503277.mp3","35d58e6f09933a1c1bde7c6b9fd0c2d6d1e441d4942cfd5f60271feaa8db32ab","ba3f5868fd094aacf9490dbb2a822aee2c047fab8b07ab472c09b69947d626de","00:00-00:01","只使用 00:00–00:01；每次有效受击必播，并与 04、05 三选一随机；从实际命中位置发声","v01","confirmed","2026-09-01"
"sfx_combat_arrow_and_hand_crossbow_bolt_whoosh","combat_arrow_and_hand_crossbow_bolt_whoosh","assets/audio/combat/projectiles/sfx_combat_arrow_and_hand_crossbow_bolt_whoosh_v01.wav","art_source/audio/masters/combat/projectiles/sfx_combat_arrow_and_hand_crossbow_bolt_whoosh_v01.wav","combat_arrow_bolt_whoosh","01","0.813","false","","","1","48000","pcm_s16le","wav_pcm_s24le_48khz","-16.0","0.0","40","0","0","none","Arrow Whoosh 1","Ali_6868","https://freesound.org/s/384908/","CC0","sample_pack_v9","07_arrow_whoosh_384908.mp3","8008215c36e5db6bf3211e3fe589494e5a50a4834ad2c70fae16582b49ad4d88","4124de05870c8632514d6bc25b801f843ce7b16a366d11595c0091e7c6d01104","full_source","整段单次播放；绑定普通箭矢或手弩矢的位置播放；弩床重弩矢另用第 11 批 10","v01","confirmed","2026-09-01"
"sfx_combat_wood_damage_01","combat_wood_damage_random","assets/audio/combat/structures/sfx_combat_wood_damage_01_v01.wav","art_source/audio/masters/combat/structures/sfx_combat_wood_damage_01_v01.wav","combat_wood_damage","01","0.340","false","","","1","48000","pcm_s16le","wav_pcm_s24le_48khz","-16.0","0.0","40","0","0","none","Wooden Hit","jackyyang09","https://freesound.org/s/506718/","CC0","sample_pack_v9","10_wood_hit_layered_506718.mp3","bdfe1593a2eeafa731b55bd4e1a62b1e7d3328a71499fd13df85c73fe4c15ebc","4a00546593122475f8b59e18ad408de2d280745721d8922840d62762fbc12242","full_source","整段单次播放；木建筑或塔防单位每次有效受击时与 11 二选一随机；从实际受击位置发声","v01","confirmed","2026-09-01"
"sfx_combat_wood_damage_02","combat_wood_damage_random","assets/audio/combat/structures/sfx_combat_wood_damage_02_v01.wav","art_source/audio/masters/combat/structures/sfx_combat_wood_damage_02_v01.wav","combat_wood_damage","02","0.522","false","","","1","48000","pcm_s16le","wav_pcm_s24le_48khz","-16.0","0.0","40","0","0","none","wood hit.wav","VitaWrap","https://freesound.org/s/345679/","CC-BY 4.0","sample_pack_v9","11_wood_plank_hit_345679.mp3","6ba3a3e3c6a253f30e36343ecba62042176f1cae171ca8714cb6570076933136","9fafb33c506d9c5b14937cd7f80ed966d72c4b4f4f73886185114d766522d876","full_source","整段单次播放；木建筑或塔防单位每次有效受击时与 10 二选一随机；从实际受击位置发声","v01","confirmed","2026-09-01"
