"asset_id","runtime_path","source_title","author","source_url","license","source_file","source_sha256"
"sfx_ui_button_primary","assets/audio/ui/sfx_ui_button_primary_v01.wav","Wooden Click","BenjaminNelan","https://freesound.org/s/321083/","CC0","01_ui_wood_click_short_321083.mp3","c7d729b995f891f342fdaf5dd4a81c2927cd89a0604565a2636ee3e16f67009e"
"sfx_work_blacksmith_loop","assets/audio/work/blacksmith/sfx_work_blacksmith_loop_v01.ogg","Hammering on Anvil","SamsterBirdies","https://freesound.org/s/363169/","CC0","04_blacksmith_hammer_anvil_363169.mp3","627c31bd0eccbc799aec7106b009e333ff4062adf497543aecf5371590075b13"
"sfx_ambience_day_loop","assets/audio/ambience/time_of_day/sfx_ambience_day_loop_v01.ogg","Loopable Early Morning English Countryside Ambience","Psykophobia","https://freesound.org/s/641561/","CC0","08_day_english_countryside_641561.mp3","9b84281978222f09e900e91bc50180855fd54ea53355d1bf9764ec87269dbee9"
"sfx_ambience_night_loop","assets/audio/ambience/time_of_day/sfx_ambience_night_loop_v01.ogg","Night Ambience","parret","https://freesound.org/s/481883/","CC0","09_night_insects_481883.mp3","3833d883d8bc6c98a33949c5f7d3e2bd938d6b888768de18e8c8197a4df7831a"
"sfx_meteor_impact_one_shot","assets/audio/abilities/meteor/sfx_meteor_impact_one_shot_v01.wav","HUGE EXPLOSION","SamsterBirdies","https://freesound.org/s/733120/","CC0","12_meteor_impact_huge_explosion_733120.mp3","72b4377ec3b875653d94f673011930f94d5ee68b455c0e717c810cddf3df097a"
"voice_combat_friendly_female_hurt_voice","assets/audio/voice/combat_grunts/voice_combat_friendly_female_hurt_voice_v01.wav","grunt.wav","Reitanna","https://freesound.org/s/242623/","CC0","03_female_grunt_short_242623.mp3","55f44ee3fc567afe82b1e14dc59f14921e57992bc43ae8b3a66c2e1603d589b8"
"sfx_combat_sword_swing","assets/audio/combat/weapons/sfx_combat_sword_swing_v01.wav","Swosh Sword Swing","qubodup","https://freesound.org/s/59992/","CC0","06_sword_swing_bamboo_59992.mp3","9503cb8193bcaa66f594a0f6c764359527cabbe4020f15b058ee98509e38cfb5"
"sfx_combat_polearm_swing","assets/audio/combat/weapons/sfx_combat_polearm_swing_v01.wav","Stick-Swoosh Whoosh","Hitrison","https://freesound.org/s/216675/","CC-BY 4.0","12_polearm_thick_rod_216675.mp3","3ac459eab8732a53eeec34388d3eee6b1e00494f861c370f9b999c60eb864e16"
"sfx_combat_bow_release","assets/audio/combat/weapons/sfx_combat_bow_release_v01.wav","Bow Release (Bow and Arrow)","Ali_6868","https://freesound.org/s/384915/","CC0","01_bow_release_384915.mp3","ece6c098cb7a03438b494a3f3e2bdd8b629fe26555d5b39f1933d78731b13fbf"
"sfx_combat_hand_crossbow_release","assets/audio/combat/weapons/sfx_combat_hand_crossbow_release_v01.wav","Longbow Release 2.wav","saturdaysoundguy","https://freesound.org/s/394179/","CC0","02_longbow_release_394179.mp3","9d1c74b7adb869212bd7bc87d226ae74c8bd4a5b73dc7707b979b850c94b8a70"
"sfx_combat_arrow_bolt_tower_impact","assets/audio/combat/impacts/sfx_combat_arrow_bolt_tower_impact_v01.wav","Arrow Impact 2","Ali_6868","https://freesound.org/s/384913/","CC0","05_arrow_impact_2_384913.mp3","a20ff9de84ba5da4540b4b6762cb244afe2214925629ca7a3852690b97db8ed2"
"sfx_combat_ballista_release","assets/audio/combat/defense_devices/sfx_combat_ballista_release_v01.wav","Crossbow Fire VI","DUDE_X-SoundLab","https://freesound.org/s/752206/","CC0","08_crossbow_fire_mid_752206.mp3","0ec5dca82800189fed9c1875246303af21725aba64f6c55a80bffba454ab4606"
"sfx_combat_ballista_bolt_whoosh","assets/audio/combat/projectiles/sfx_combat_ballista_bolt_whoosh_v01.wav","Whoosh","qubodup","https://freesound.org/s/60013/","CC0","10_bolt_whoosh_short_60013.mp3","ebdb219e7f36f7e1aecdb045d6d8bdad059119af319863777c7302a69fa41a92"
"sfx_combat_unconscious_fall","assets/audio/combat/impacts/sfx_combat_unconscious_fall_v01.wav","Body falling on the ground 1","ihitokage","https://freesound.org/s/395331/","CC0","02_body_fall_ground_395331.mp3","791434afa4bf205129e7364a7228094106c3c6045d30361733ed0fcf8a089893"
"sfx_combat_horse_death","assets/audio/combat/impacts/sfx_combat_horse_death_v01.wav","Renill de cavall / Horse Neigh","Salsero_classic","https://freesound.org/s/826753/","CC0","07_horse_neigh_short_826753.mp3","e788ddfbff5820bdc116950585d3f36784d772007f6eb921618ccf95b8143b3c"
"sfx_combat_stone_structure_damage","assets/audio/combat/structures/sfx_combat_stone_structure_damage_v01.wav","Hit With Something.wav","brennanium135","https://freesound.org/s/360302/","CC0","11_rock_wall_hit_360302.mp3","1c821bd881956bd5eb2be0a0112fe150f2284c754bb1bf9e24f25be0c788e3f1"
"voice_emotion_none_female","assets/audio/voice/emotions/voice_emotion_none_female_v01.wav","3 feminine hmm","kanyonwyvern","https://freesound.org/s/727359/","CC0","01_female_none_three_hm_727359.mp3","261e9fce3d30766441b01ecea1158a263ccdc01bac40e43b13dcce87148a4ba1"
"voice_emotion_happy_female","assets/audio/voice/emotions/voice_emotion_happy_female_v01.wav","Girl Chuckle.wav","BlueSiren","https://freesound.org/s/377742/","CC0","06_female_happy_chuckle_377742.mp3","725a32fb663c353969587ae2081a88f263a8003e7c63f9c3acf8d09ad0cf8fd2"
"voice_emotion_relieved_female","assets/audio/voice/emotions/voice_emotion_relieved_female_v01.wav","woman sigh","threadzz","https://freesound.org/s/384992/","CC0","08_female_relieved_sigh_384992.mp3","d10e84c450e66bd3a80a64892ce1fa197a4e6ec6f7869bc88ab1a5aa91dc9f93"
"voice_emotion_angry_female","assets/audio/voice/emotions/voice_emotion_angry_female_v01.wav","Female_Grunt.wav","D001447733","https://freesound.org/s/464622/","CC-BY 3.0","10_female_angry_grunt_464622.mp3","13c5a382cde8544549ee216a19bc59408aa4130a5b6f3bf8d8ff440981fa09a9"
"voice_emotion_none_male_01","assets/audio/voice/emotions/voice_emotion_none_male_01_v01.wav","Hmm 2 SOS Paranormal.m4a","elcharrua","https://freesound.org/s/592839/","CC-BY 4.0","01_male_none_suspicious_592839.mp3","ca418026cee50fbd7e05e2330ec0914e17ff4454c1a40ce2199a41ca3d26c5f9"
"voice_emotion_none_male_02","assets/audio/voice/emotions/voice_emotion_none_male_02_v01.wav","OneHmm-question.wav","esperar","https://freesound.org/s/170779/","CC0","02_male_none_question_170779.mp3","6063f6181e4a12f40700dbd69198249b47072b6fd1964743fbe1afceddbd42a1"
"voice_emotion_happy_male","assets/audio/voice/emotions/voice_emotion_happy_male_v01.wav","Various Chuckles_Male.mp3","SnowFightStudios","https://freesound.org/s/643665/","CC0","04_male_happy_chuckles_643665.mp3","2b95a1862160c447d9aa178aaa8e2e7997326b6698aa909141b3f0a7a106e9dc"
"voice_emotion_relieved_male","assets/audio/voice/emotions/voice_emotion_relieved_male_v01.wav","A male sigh","randbsoundbites","https://freesound.org/s/799579/","CC0","09_male_relieved_short_799579.mp3","52dec88ef9958940fc5ff4c8162b8408b5b3f140bef1c56604549da20796d782"
"voice_emotion_angry_male","assets/audio/voice/emotions/voice_emotion_angry_male_v01.wav","Angry Grunt","Rocotilos","https://freesound.org/s/341489/","CC0","10_male_angry_short_341489.mp3","dc4aeb456ea1f274bc31e53a29b2b6d53f8190aadd6336dc88b8abbe7a02a8a4"
"voice_emotion_sad_female","assets/audio/voice/emotions/voice_emotion_sad_female_v01.wav","Woman sigh","biawinter","https://freesound.org/s/408090/","CC-BY-NC 4.0","01_female_sad_sigh_408090.mp3","35f94f9f6e17a7728eee5886f625bcacaa527d3930ba4e4cad689201e7154704"
"voice_emotion_afraid_female","assets/audio/voice/emotions/voice_emotion_afraid_female_v01.wav","Frightened Breathing.aiff","nickrave","https://freesound.org/s/112557/","CC0","04_female_afraid_breathing_112557.mp3","ad941799d547216ba9562d9be9bac8fbd9dd5a37e30db27562275efaea886ef4"
"voice_emotion_surprised_female","assets/audio/voice/emotions/voice_emotion_surprised_female_v01.wav","Female Gasp.wav","nicklas3799","https://freesound.org/s/467348/","CC-BY 4.0","05_female_surprised_gasp_467348.mp3","4d33f5ec27ae52b91d89580acafaec19d5a2a939b5e9643ad6a751cd5b81c9fb"
"voice_emotion_confused_female","assets/audio/voice/emotions/voice_emotion_confused_female_v01.wav","Huh? Female Voice Surprised/Confused","magicalmysticva","https://freesound.org/s/738003/","CC-BY 4.0","07_female_confused_huh_738003.mp3","2a0182bbfb78bf9a68c1c2f8a0fb4e50b9a45ac450f99e6c6c6043962bd57007"
"voice_emotion_determined_female","assets/audio/voice/emotions/voice_emotion_determined_female_v01.wav","uh huh.wav","shadoWisp","https://freesound.org/s/264610/","CC-BY 3.0","09_female_determined_affirmative_264610.mp3","0f525fe37ce57e1f2d3c0ed910fe6a0173bba03d4784412f67430b6f9779e65f"
"voice_emotion_sad_male","assets/audio/voice/emotions/voice_emotion_sad_male_v01.wav","Sad male sigh :(","pfranzen","https://freesound.org/s/417750/","CC-BY 4.0","01_male_sad_sigh_417750.mp3","80f1c0401ec993beabae794671441827d51959037f13208a8427041b331745a1"
"voice_emotion_afraid_male","assets/audio/voice/emotions/voice_emotion_afraid_male_v01.wav","Whimper_Gasp_1_Male","Drkvixn91","https://freesound.org/s/318077/","CC0","03_male_afraid_whimper_318077.mp3","9148ed58562b0ce640efd3f88bfa368417226f64288bbf97f8e9ac98b4e57fad"
"voice_emotion_surprised_male","assets/audio/voice/emotions/voice_emotion_surprised_male_v01.wav","surprise_gasps.wav","esperar","https://freesound.org/s/171942/","CC0","06_male_surprised_set_171942.mp3","27ce9472df84d1dc532108b1c7ccfd41b05cb7fb507dae9683dbc35163f77c78"
"voice_emotion_confused_male","assets/audio/voice/emotions/voice_emotion_confused_male_v01.wav","Male confused-elcharrua.m4a","elcharrua","https://freesound.org/s/530227/","CC-BY 4.0","07_male_confused_huh_530227.mp3","3a8a5387dd465ccc1ca1be0b20655cae858915ee405baccf156d0f5e7743d20b"
"voice_emotion_determined_male","assets/audio/voice/emotions/voice_emotion_determined_male_v01.wav","min-toPlayer B.mp3","ludist","https://freesound.org/s/204457/","CC-BY 3.0","10_male_determined_grunt_204457.mp3","46dfad71602bdbe4d508c7609e09b91308d5cb7a99785c9a0fa894206727d230"
"sfx_merchant_cart_arrival_departure","assets/audio/world/merchant/sfx_merchant_cart_arrival_departure_v01.ogg","Horse trotting.wav","juskiddink","https://freesound.org/s/111301/","CC-BY 4.0","07_horse_trot_road_111301.mp3","408ef490d6a8a340f843cf8f4d87a97a4b135d68322605d65051b16cfde9245b"
"sfx_horse_run","assets/audio/foley/horses/sfx_horse_run_v01.ogg","SRS_Foley_Horse_Galloping.wav","StephenSaldanha","https://freesound.org/s/165532/","CC0","12_horse_gallop_foley_165532.mp3","a829fb22ed1f90531a4e1f726909c82cecd8ec393abf3607ad8a40b33440412e"
"sfx_wood_structure_severe_collapse","assets/audio/combat/structures/sfx_wood_structure_severe_collapse_v01.wav","Wood Collapse","modusmogulus","https://freesound.org/s/794522/","CC0","02_wood_structure_collapse_794522.mp3","04267bfb9edfff8575e0c5238465eb802718b488b85b7735de99b1bbf9d3c63e"
"sfx_stone_structure_severe_collapse","assets/audio/combat/structures/sfx_stone_structure_severe_collapse_v01.wav","Bricks/Stones/Rocks/Gravel Falling","iwanPlays","https://freesound.org/s/567249/","CC0","05_stone_structure_rubble_567249.mp3","6fdc4ecbc4c1140d9354a64575892f57a5d476cf8b8421fdd2daa90a401342e4"
"sfx_enemy_entry_stinger","assets/audio/combat/stingers/sfx_enemy_entry_stinger_v01.wav","Horn002.wav","freefire66","https://freesound.org/s/175946/","CC0","08_enemy_entry_battle_horn_175946.mp3","527b5a5797413542d4665673e3a7335ff3ee8c6e409e67dec6f90e82ce294631"
"sfx_wave_clear_stinger","assets/audio/combat/stingers/sfx_wave_clear_stinger_v01.wav","Music: Orchestral Victory Fanfare","Sheyvan","https://freesound.org/s/470083/","CC-BY 4.0","12_wave_clear_orchestral_470083.mp3","6b3df38b5d896efe82b081b326e5d6f2a146f8078483c7b87965813baafa2b75"
"sfx_final_victory_stinger","assets/audio/combat/stingers/sfx_final_victory_stinger_v01.wav","Victory Fanfare","humanoide9000","https://freesound.org/s/466133/","CC-BY 4.0","01_final_victory_grand_466133.mp3","d99a915cf6adc87949b939259fd053deaa6d62659a781926a89be3e33375d249"
"sfx_defeat_stinger","assets/audio/combat/stingers/sfx_defeat_stinger_v01.wav","Game Over Orchestral Stinger - Cartoon Defeat","TommasoMotteran","https://freesound.org/s/856516/","CC-BY 4.0","05_defeat_orchestral_856516.mp3","464e0705968473f0635528f8790ea0ec67a5a8544815ed3c71a1be3ebcf696d3"
"sfx_arrow_tower_release","assets/audio/combat/defense_devices/sfx_arrow_tower_release_v01.wav","Longbow Release 2.wav","saturdaysoundguy","https://freesound.org/s/394179/","CC0","08_arrow_tower_longbow_394179.mp3","9d1c74b7adb869212bd7bc87d226ae74c8bd4a5b73dc7707b979b850c94b8a70"
"sfx_ballista_heavy_bolt_impact","assets/audio/combat/impacts/sfx_ballista_heavy_bolt_impact_v01.wav","Arrow Impact","Twisted_Euphoria","https://freesound.org/s/205938/","CC0","10_ballista_bolt_impact_205938.mp3","06461ca4d33d78c9651a5c4e13dbc2b6f2cba4c543f0d6cefdabf6f2546a60e9"
"sfx_ui_panel_open","assets/audio/ui/sfx_ui_panel_open_v01.wav","Opening a book","mateusboga","https://freesound.org/s/614081/","CC0","04_panel_open_book_614081.mp3","5a973db043d69e7d1c39f2f7161058b8ec299168381c594c7de1bc35befbe64d"
"sfx_ui_panel_close","assets/audio/ui/sfx_ui_panel_close_v01.wav","Book Close - 13","SpaceJoe","https://freesound.org/s/484893/","CC0","09_panel_close_heavy_484893.mp3","0e7b1cc75f21621ba2aff410d7ec8972e424a7076dca3310a4ab8f53b47e1688"
"sfx_ui_interaction_success_resource_collect","assets/audio/ui/sfx_ui_interaction_success_resource_collect_v01.wav","Correct Bell","Fupicat","https://freesound.org/s/538147/","CC0","11_confirm_success_chime_538147.mp3","8e06b6d1ddafd26f8f916f1ca02c67b37d49e2d1dcb7327c176c1932714f764e"
"sfx_ui_toggle","assets/audio/ui/sfx_ui_toggle_v01.wav","Click Tick.wav","malle99","https://freesound.org/s/384187/","CC0","04_slider_click_tick_384187.mp3","ac0696b50f19f82bc693dc7c3b8987878fd201c188cef90d340c318ddd1387eb"
"sfx_world_door_open","assets/audio/world/doors/sfx_world_door_open_v01.wav","door creak 1.wav","soundofsong","https://freesound.org/s/647646/","CC0","07_door_open_short_creak_647646.mp3","cbdf201a0c0cbeac2523fe7d0b06ad046dd26ac31bb09092d63caed6e03d54b5"
"sfx_world_door_close","assets/audio/world/doors/sfx_world_door_close_v01.wav","squeaky wooden door solid close.wav","CastIronCarousel","https://freesound.org/s/216879/","CC0","12_door_close_squeaky_216879.mp3","d5cf79bda636404790a8f061e988c4b9d06fcd244f527c249b30846fecd97982"
"sfx_meteor_fall_one_shot","assets/audio/abilities/meteor/sfx_meteor_fall_one_shot_v01.wav","Fireball, Woosh, Pass, fast","julianmateo_","https://freesound.org/s/522705/","CC0","01_meteor_fireball_pass_522705.mp3","8fc9549e7422dd0c9fa1e89993b6e093ac42991540ed2492e986a5c7ba2f6ebc"
"sfx_work_garden_loop","assets/audio/work/garden/sfx_work_garden_loop_v01.ogg","Shovel_dirt.wav","dr19","https://freesound.org/s/353907/","CC0","04_garden_shovel_dirt_353907.mp3","9c34566e583e9aa94e6aa69140ab6b7e62fc538e8a27ac310bfd747959bfb57f"
"sfx_work_dining_hall_loop","assets/audio/work/dining_hall/sfx_work_dining_hall_loop_v01.ogg","Beginner chopping vegetables on a cutting board","megahope","https://freesound.org/s/829282/","CC0","06_kitchen_chopping_829282.mp3","e575e34669ba81d1529db8f099d15ccf78cf8c249401006dca3a62bdb3933252"
"sfx_work_stable_with_horse_loop","assets/audio/work/stable/sfx_work_stable_with_horse_loop_v01.ogg","G38-16-Four Horse Snorts.wav","craigsmith","https://freesound.org/s/437111/","CC0","08_stable_horse_snorts_437111.mp3","a700da65f76e52e914ef7214dd207b49067f313d3d2f8a857e64b6f9bb6b8ac0"
"sfx_work_stable_without_horse_loop","assets/audio/work/stable/sfx_work_stable_without_horse_loop_v01.ogg","Plants or Straw hay - dried cereals","Vrymaa","https://freesound.org/s/734643/","CC0","09_stable_hay_straw_734643.mp3","cacfb29d9102d6d959ffc25d335ebf9d96f2e273a35dc4a3cdf0c85423a10bf3"
"sfx_work_tavern_loop","assets/audio/work/tavern/sfx_work_tavern_loop_v01.ogg","wine open pour.wav","fryzu82","https://freesound.org/s/142325/","CC0","10_brewing_wine_open_pour_142325.mp3","ecd4772ef2e6dcb4685a71022092d2a2b14763b7c211bfdbab085e5833ab7c40"
"sfx_work_workshop_loop","assets/audio/work/workshop/sfx_work_workshop_loop_v01.ogg","Hand Saw Sawing Wood","deleted_user_7146007","https://freesound.org/s/383725/","CC0","12_workshop_hand_saw_383725.mp3","9e58abb5c2ebe0c27c6e77f2d6261177401b3cb6dc0b9deca41cf6d1bff9044b"
"music_menu","assets/audio/music/menu/music_menu_v01.ogg","It's time for an adventure.wav","AwaziXosh","https://freesound.org/s/566208/","CC0","03_bgm_menu_adventure_566208.mp3","d6e94bb737acac3f6adb1c35ba27d6c71a8010ee2ced3c2fe7abeaa05cb19a7a"
"music_day_night","assets/audio/music/day/music_day_night_v01.ogg","ambient-music","giangallegos","https://freesound.org/s/812170/","CC0","05_bgm_day_medieval_ambient_812170.mp3","abee294d3100c1eac5a8c61d3bf9672e244b6f1e6bd395b983c3901c860421fe"
"music_battle","assets/audio/music/combat/music_battle_v01.ogg","First Battle Fantasy Combat Background Music Loop 135bpm in E Minor","ManuelGraf","https://freesound.org/s/808501/","CC-BY 4.0","10_bgm_battle_first_battle_808501.mp3","d3e97cbcc82e675714ade490cee7b672fa32aac2e5b44ac3a66bec2e92b32ef5"
"sfx_work_training_loop","assets/audio/work/training/sfx_work_training_loop_v01.ogg","Sword Training 1.wav","Thimblerig","https://freesound.org/s/501720/","CC0","01_training_sword_sparring_501720.mp3","0b3a1886b9580172472b74d903ecc5e28b96c395f3d09b64b574d45ef1f411c6"
"sfx_work_clinic_treatment_and_assist_loop","assets/audio/work/clinic/sfx_work_clinic_treatment_and_assist_loop_v01.ogg","Fabric rubbing.mp3","mandy2","https://freesound.org/s/678008/","CC0","06_treatment_bandage_fabric_678008.mp3","aa3bdbeb2776c0b15b2b58fd5cbfdfc1e0d44e7e20555692bf691a296e51fc7a"
"sfx_work_clinic_doctor_reading_loop","assets/audio/work/clinic/sfx_work_clinic_doctor_reading_loop_v01.ogg","Book Page Turn","Kodack","https://freesound.org/s/256475/","CC0","08_chapel_book_pages_256475.mp3","99c0ffb127dfc64214c6ecd5d30f2a5deb3f2419328e5a54f7c070f2e341cd71"
"sfx_work_repair_and_upgrade_loop","assets/audio/work/construction/sfx_work_repair_and_upgrade_loop_v01.ogg","nailing.wav","Mihacappy","https://freesound.org/s/850175/","CC0","09_repair_nailing_850175.mp3","2ae3994abe284f85bcd371ac73b1063c0ffb0a4744aae0a5e4d4f122794a6558"
"sfx_chapel_prayer_presence_loop","assets/audio/work/chapel/sfx_chapel_prayer_presence_loop_v01.ogg","crowd in church.mp3","jaava73","https://freesound.org/s/40626/","CC0","05_chapel_crowd_murmur_40626.mp3","2c4696b97595aba8c120eabbf327e0132a027cc94b09561dcc1649e567bcb761"
"sfx_chapel_mass_start_one_shot","assets/audio/work/chapel/sfx_chapel_mass_start_one_shot_v01.wav","Church bell half hour mark","Sadiquecat","https://freesound.org/s/852491/","CC0","06_chapel_church_bell_852491.mp3","fd4ebeb5a123fba10ef9b54cac4cdaeea415f8e38a9e0f924b792e582888ec86"
"sfx_daily_eating_loop","assets/audio/work/dining_hall/sfx_daily_eating_loop_v01.ogg","spoon clanking in ceramic bowl.wav","simosco","https://freesound.org/s/235573/","CC0","07_eating_spoon_ceramic_bowl_235573.mp3","7e3d57e4af1e71628bdb94389942ae5f8f364ccbf9243aeff8ca88a03e4b2a89"
"sfx_daily_drinking_one_shot","assets/audio/work/dining_hall/sfx_daily_drinking_one_shot_v01.wav","Drink Sip and Swallow","OwlStorm","https://freesound.org/s/320139/","CC0","09_drinking_sip_swallow_320139.mp3","be02337539efacf301e00a898bf78a820a51eb40e96a558c08e137e54ec722fb"
"sfx_chapel_mass_in_progress_loop","assets/audio/work/chapel/sfx_chapel_mass_in_progress_loop_v01.ogg","8_Vatican_071922_2.wav","Thel200ster","https://freesound.org/s/646650/","CC-BY-4.0","07_mass_vatican_singing_646650.mp3","df56e7cb2daa19ccd48c893026000529948b9fc6b22b6a675eae015e9fd9ae0d"
"sfx_ambience_dawn_rooster","assets/audio/ambience/local_emitters/sfx_ambience_dawn_rooster_v01.wav","morning cocorico birds rooster cock poultry","Nimlos","https://freesound.org/s/585511/","CC0","02_dawn_rooster_outdoor_585511.mp3","d80b7824ee83d5150659d087daece6774a9bdf6cf52f0a8f6f0a8f91c233f27e"
"sfx_ambience_day_bird_01","assets/audio/ambience/local_emitters/sfx_ambience_day_bird_01_v01.wav","Sparrows Close Chirp Exterior Birds.wav","Profispiesser","https://freesound.org/s/543827/","CC0","04_day_birds_sparrows_543827.mp3","8ee4c24366fe6b73b08f4a8325adb05853ed11f647ccffff9227f22683764fd2"
"sfx_ambience_day_bird_02","assets/audio/ambience/local_emitters/sfx_ambience_day_bird_02_v01.wav","Woodland Birds.wav","Artemis_R_Swann","https://freesound.org/s/517481/","CC0","05_day_birds_robin_woodland_517481.mp3","552ca784eff824fbb5ac1af0a3280196b65c11cc10836711de7bf4091f26940c"
"sfx_ambience_day_bird_03","assets/audio/ambience/local_emitters/sfx_ambience_day_bird_03_v01.wav","Blackbird.wav","Kimskell","https://freesound.org/s/628029/","CC0","06_day_birds_blackbird_628029.mp3","58abf1a7c88199b89b87c107f771bf0285b8464a0a4e2da86cecaf7448a7e110"
"sfx_ambience_night_insects_local_loop_01","assets/audio/ambience/local_emitters/sfx_ambience_night_insects_local_loop_01_v01.ogg","Outdoors_Night_CricketsLoop.wav","MrFossy","https://freesound.org/s/521843/","CC0","07_night_crickets_loop_521843.mp3","dd0b27aa537795341bf9456cc9854be5775439f0fffec8a191107a86c3bfbab6"
"sfx_ambience_night_insects_local_loop_02","assets/audio/ambience/local_emitters/sfx_ambience_night_insects_local_loop_02_v01.ogg","Night crickets","Vrymaa","https://freesound.org/s/734642/","CC0","08_night_crickets_mountain_734642.mp3","f2ee065f4da77cf2ce3384ba1fa502cbea06898282219a2ff296ebf015b0471e"
"sfx_ambience_night_insects_local_loop_03","assets/audio/ambience/local_emitters/sfx_ambience_night_insects_local_loop_03_v01.ogg","Jackwald's Sounds - Evening Cricket Ambience (Looped)","JackwaldOfficial","https://freesound.org/s/830044/","CC-BY-4.0","09_night_crickets_evening_loop_830044.mp3","18ee18b133509c57ae3e545f3be65db5d65fd75235b44a1a7f2ccd6fe16fe518"
"sfx_ambience_night_owl","assets/audio/ambience/local_emitters/sfx_ambience_night_owl_v01.wav","owl.wav","Anthousai","https://freesound.org/s/398734/","CC0","11_night_owl_field_398734.mp3","e9c494276358bbae6f537198cdac67a2bfba80a383b52326972e9644e6341b34"
"sfx_ambience_river_local_loop","assets/audio/ambience/local_emitters/sfx_ambience_river_local_loop_v01.ogg","River flowing sound.","Tom_Kaszuba","https://freesound.org/s/660262/","CC0","06_river_babbling_660262.mp3","c8cf18b0e889ce2f99d09f8abfe6fc71764e8fe594ad474bfc5e73fd26d4d3e5"
"sfx_ambience_active_fire_loop","assets/audio/ambience/local_emitters/sfx_ambience_active_fire_loop_v01.ogg","Fireplace Fire Crackling","RyanKingArt","https://freesound.org/s/717579/","CC0","08_fire_fireplace_717579.mp3","1b865f4c06b59a6db2d8168dd0033fefaeb5310b84a085e08f71771dde12023b"
"sfx_world_battle_alert_one_shot","assets/audio/world/bell/sfx_world_battle_alert_one_shot_v01.wav","Battle_horn_1.wav","kirmm","https://freesound.org/s/392180/","CC0","11_alert_battle_horn_392180.mp3","d6a796854db10f8d94f4bc456289aff1c5c63cb8a8f65feac00c5904fbbd94dc"
"sfx_foley_run_unified_loop","assets/audio/foley/footsteps/sfx_foley_run_unified_loop_v01.ogg","Running Concrete","LewisEmmott5","https://freesound.org/s/732563/","CC0","11_run_stone_mono_732563.mp3","fefbdec6b4c9a311c07b2fc66fa1a7b85220080764d2021168f23bfb8dd9d306"
"voice_combat_friendly_male_hurt_voice","assets/audio/voice/combat_grunts/voice_combat_friendly_male_hurt_voice_v01.wav","Grunts Male.wav","Dirtjm","https://freesound.org/s/262279/","CC-BY-NC 3.0","01_hurt_grunt_single_262279.mp3","cddc793e1eaed04af7bb70e2cda3df7ded3bfcc90e1c311c31ae5620d9e98c36"
"voice_combat_enemy_hurt_voice","assets/audio/voice/combat_grunts/voice_combat_enemy_hurt_voice_v01.wav","male_hurt1.ogg","micahlg","https://freesound.org/s/413176/","CC0","02_hurt_grunt_short_413176.mp3","715fca2ad2e5a6fdcc86dd7eeace06f69b737a1bbe5f73ff1801b4556c18a117"
"sfx_combat_hit_contact_01","assets/audio/combat/impacts/sfx_combat_hit_contact_01_v01.wav","Sword Hit","qubodup","https://freesound.org/s/442769/","CC0","04_enemy_hit_sword_442769.mp3","93d72e63bb8d9b8a60d2c0ac665c153171515645fbb85f4ec028e4a253e7b167"
"sfx_combat_hit_contact_02","assets/audio/combat/impacts/sfx_combat_hit_contact_02_v01.wav","body_hit.wav","insanity54","https://freesound.org/s/276600/","CC0","05_enemy_hit_body_276600.mp3","81f5997c3dc672d5a5dd259044ba16f8012da0fc402b6903ef42dc27bcaa36fb"
"sfx_combat_hit_contact_03","assets/audio/combat/impacts/sfx_combat_hit_contact_03_v01.wav","Face Punch, Body Impact, 4x","Kinoton","https://freesound.org/s/503277/","CC0","06_enemy_hit_impacts_503277.mp3","35d58e6f09933a1c1bde7c6b9fd0c2d6d1e441d4942cfd5f60271feaa8db32ab"
"sfx_combat_arrow_and_hand_crossbow_bolt_whoosh","assets/audio/combat/projectiles/sfx_combat_arrow_and_hand_crossbow_bolt_whoosh_v01.wav","Arrow Whoosh 1","Ali_6868","https://freesound.org/s/384908/","CC0","07_arrow_whoosh_384908.mp3","8008215c36e5db6bf3211e3fe589494e5a50a4834ad2c70fae16582b49ad4d88"
"sfx_combat_wood_damage_01","assets/audio/combat/structures/sfx_combat_wood_damage_01_v01.wav","Wooden Hit","jackyyang09","https://freesound.org/s/506718/","CC0","10_wood_hit_layered_506718.mp3","bdfe1593a2eeafa731b55bd4e1a62b1e7d3328a71499fd13df85c73fe4c15ebc"
"sfx_combat_wood_damage_02","assets/audio/combat/structures/sfx_combat_wood_damage_02_v01.wav","wood hit.wav","VitaWrap","https://freesound.org/s/345679/","CC-BY 4.0","11_wood_plank_hit_345679.mp3","6ba3a3e3c6a253f30e36343ecba62042176f1cae171ca8714cb6570076933136"
